Adalaj,Ahmedabad
Adraj,Ahmedabad
Ahmedabad Cantonment,Ahmedabad
Ahmedabad Patan Highway Road,Ahmedabad
Ambavadi,Ahmedabad
Ambawadi Circle,Ahmedabad
Ambli,Ahmedabad
Ambli Bopal Road,Ahmedabad
Amraiwadi,Ahmedabad
Ankur Cross Road,Ahmedabad
Ashok Vatika,Ahmedabad
Aslali,Ahmedabad
Astodia Chakla,Ahmedabad
baghban party plot,Ahmedabad
Bapu Nagar Road,Ahmedabad
Bapunagar,Ahmedabad
Bavla,Ahmedabad
Bhadaj,Ahmedabad
Bhaikaka Nagar,Ahmedabad
Bhat,Ahmedabad
bhuyangdev Cross Road,Ahmedabad
Bodakdev,Ahmedabad
Bopal,Ahmedabad
BopalGhuma Road,Ahmedabad
CG Road,Ahmedabad
Chanakyapuri,Ahmedabad
Chandkheda,Ahmedabad
Chandlodia,Ahmedabad
Chandlodiya,Ahmedabad
Changodar,Ahmedabad
Chekhla,Ahmedabad
Chharodi,Ahmedabad
Chharodi Ahmedabad West,Ahmedabad
Corporate Road,Ahmedabad
CTM,Ahmedabad
Dani Limda,Ahmedabad
Ellisbridge,Ahmedabad
Ghatlodia,Ahmedabad
Ghatlodiya,Ahmedabad
Ghodsar,Ahmedabad
Ghuma,Ahmedabad
Ghuma Bopal Road,Ahmedabad
Godhavi,Ahmedabad
Gota,Ahmedabad
Gujarat Housing Board,Ahmedabad
Gulab Tower Road,Ahmedabad
Gulbai Tekra,Ahmedabad
Gurukul,Ahmedabad
Gurukul Road,Ahmedabad
Hansol,Ahmedabad
Hanspura,Ahmedabad
Hathijan,Ahmedabad
Hatkeshwar,Ahmedabad
Hindu Colony,Ahmedabad
Hirawadi Road,Ahmedabad
India Colony,Ahmedabad
IOC Road,Ahmedabad
Isanpur,Ahmedabad
Iscon Ambli Road,Ahmedabad
J 18 TP 44 chandkheda,Ahmedabad
Jagatpur,Ahmedabad
Jamalpur,Ahmedabad
Jashoda Nagar,Ahmedabad
Jaspur,Ahmedabad
Jethalaj,Ahmedabad
Jivraj Park,Ahmedabad
Jodhpur,Ahmedabad
Jodhpur Village,Ahmedabad
Judges Bungalow,Ahmedabad
Juhapura,Ahmedabad
Kali,Ahmedabad
Kalikund,Ahmedabad
Kalupur,Ahmedabad
Kankaria,Ahmedabad
Kasindra,Ahmedabad
Kathwada,Ahmedabad
Kathwara,Ahmedabad
Kazipur Dariyapur,Ahmedabad
Keshav Nagar,Ahmedabad
Khodiar Nagar,Ahmedabad
Khodiyar,Ahmedabad
Khokhra,Ahmedabad
Koba,Ahmedabad
Kotarpur,Ahmedabad
Koteshwar,Ahmedabad
Kudasan,Ahmedabad
Kumbhnath Society Daxini Society,Ahmedabad
Lambha,Ahmedabad
Law Garden,Ahmedabad
Mahadev Nagar,Ahmedabad
Makarba,Ahmedabad
Manekbaugh,Ahmedabad
Maninagar,Ahmedabad
Maninagar East,Ahmedabad
Manipur,Ahmedabad
Meghani Nagar,Ahmedabad
Memnagar,Ahmedabad
Mithakhali,Ahmedabad
Moraiya,Ahmedabad
Motera,Ahmedabad
Mumatpura,Ahmedabad
Nana Chiloda,Ahmedabad
Naranpura Road,Ahmedabad
Naranpuraa,Ahmedabad
Narayan Nagar,Ahmedabad
Naroda,Ahmedabad
Naroda Dehgam Road,Ahmedabad
Narol,Ahmedabad
Narolgam,Ahmedabad
Naryanpura,Ahmedabad
Nava Naroda,Ahmedabad
Nava Vadaj,Ahmedabad
Navrangpura,Ahmedabad
Near Nirma University On SG Highway,Ahmedabad
Near Vaishno Devi Circle On SG Highway,Ahmedabad
Nehru Nagar,Ahmedabad
new c g road chandkheda,Ahmedabad
New Maninagar,Ahmedabad
New Ranip,Ahmedabad
New Vadaj Circle,Ahmedabad
Nikol,Ahmedabad
Nikol Ring Road,Ahmedabad
NikolNaroda Road,Ahmedabad
Nirnay Nagar,Ahmedabad
NR Vandematram Cross Road,Ahmedabad
Odhav,Ahmedabad
Off CG Road,Ahmedabad
Ognaj,Ahmedabad
Old Wadaj,Ahmedabad
Paldi,Ahmedabad
Palodia,Ahmedabad
Panjarapole,Ahmedabad
Prahlad Nagar,Ahmedabad
Prernatirth Derasar,Ahmedabad
Pritam Nagar,Ahmedabad
Punit Ashram Road,Ahmedabad
Raipur,Ahmedabad
Rambaug,Ahmedabad
Ramdev Nagar,Ahmedabad
Ramol,Ahmedabad
Ramol Ring Road,Ahmedabad
Ranip,Ahmedabad
Raysan,Ahmedabad
S G Highway,Ahmedabad
Sabarmati,Ahmedabad
Sachana,Ahmedabad
Saijpur Bogha,Ahmedabad
Sanand,Ahmedabad
Sanand Heights Society,Ahmedabad
Sanathal,Ahmedabad
Santej,Ahmedabad
Saraspur,Ahmedabad
Sarkhej,Ahmedabad
Sarkhej Okaf,Ahmedabad
Saroda,Ahmedabad
Satellite,Ahmedabad
Satellite Road,Ahmedabad
Satellite Society,Ahmedabad
Satlasana,Ahmedabad
Sattar Taluka Society,Ahmedabad
Science City,Ahmedabad
SG Highway Service Road,Ahmedabad
SG Road,Ahmedabad
Shahibaug,Ahmedabad
Shahibuag,Ahmedabad
Shahpur,Ahmedabad
Shantipura,Ahmedabad
shastri Nagar,Ahmedabad
Shela,Ahmedabad
Shilaj,Ahmedabad
shilaj Road,Ahmedabad
Shivranjni Cross Roads,Ahmedabad
Shrinand Nagar,Ahmedabad
shyamal,Ahmedabad
Sindhubhavan Road,Ahmedabad
Sola,Ahmedabad
Sola Village,Ahmedabad
South Bopal,Ahmedabad
Sughad,Ahmedabad
Surdhara Circle,Ahmedabad
TelavGuma Road,Ahmedabad
Thakkarbapa Nagar,Ahmedabad
Thakkarbapa Nagar Road,Ahmedabad
Thaltej,Ahmedabad
Thaltej Shilaj Road,Ahmedabad
Thol,Ahmedabad
Tragad,Ahmedabad
Usman Pura,Ahmedabad
Vadsar,Ahmedabad
Vaishnodevi,Ahmedabad
Vasna,Ahmedabad
Vastral,Ahmedabad
Vastrapur,Ahmedabad
Vatva,Ahmedabad
Vejalpur,Ahmedabad
Vikram Nagar,Ahmedabad
Visalpur,Ahmedabad
Vishala,Ahmedabad
Vithalapur,Ahmedabad
Wadaj,Ahmedabad
Zundal,Ahmedabad
Zundal Circle,Ahmedabad
Zydus Hospital Road,Ahmedabad
1st Block Koramangala,Banglore
2nd Phase JP Nagar,Banglore
7th Block Jayanagar,Banglore
7th Phase JP Nagar,Banglore
9th Block Jayanagar,Banglore
Aavalahalli,Banglore
Abbhiareddy Layout,Banglore
Abbigere,Banglore
Adigara Kallahalli,Banglore
Adugodi,Banglore
Agrahara Layout,Banglore
AGS Layout Arehalli,Banglore
Akash Nagar,Banglore
Akshayanagar,Banglore
Ambalipura Sarjapur Road,Banglore
Amrutahalli,Banglore
Amruthahalli,Banglore
Anagalapura,Banglore
Anagalapura Near Hennur Main Road,Banglore
Ananda Nagar,Banglore
Anantapura,Banglore
Anchepalya Tumkur Road,Banglore
Andrahalli,Banglore
Anekal City,Banglore
Anjanapura,Banglore
Anjanapura Township,Banglore
Annapurneshwari Nagar,Banglore
Arakere,Banglore
Arehalli Main,Banglore
Arekere,Banglore
Arkavathy Layout,Banglore
Armane Nagar,Banglore
Ashok Nagar,Banglore
Attibele,Banglore
Attiguppe,Banglore
Avalahalli Off Sarjapur Road,Banglore
Azad Nagar,Banglore
Badamanavarthekaval,Banglore
Bagalakunte,Banglore
Bagalur,Banglore
Bagaluru,Banglore
Bagaluru Near Yelahanka,Banglore
Balagere,Banglore
Banashankari,Banglore
Banashankari 3rd Stage Banashankari,Banglore
Banashankari Stage 2nd,Banglore
Banaswadi,Banglore
Bangalore,Banglore
Bangalore City Municipal Corporation Layout,Banglore
Banjara Layout Main,Banglore
Bannerghatta,Banglore
Bannerghatta Main Road,Banglore
bannerghatta road,Banglore
Bannerghatta Road Jigani,Banglore
Bannerughatta,Banglore
Basapura,Banglore
Basapura Village Road,Banglore
Basavanagar,Banglore
Basavanagudi,Banglore
Basaveshwaranagar,Banglore
Basaveswarnagar,Banglore
Battarahalli,Banglore
Bedarahalli,Banglore
Begur,Banglore
Belathur On Sarjapur Bagalur Road,Banglore
Bellahalli,Banglore
Bellandur,Banglore
Bendiganahalli,Banglore
Bendre Nagar,Banglore
Bennigana Halli,Banglore
Benson Town,Banglore
Bettadasanapura,Banglore
Bhadrappa Layout,Banglore
Bharat Nagar,Banglore
Bhoganhalli,Banglore
Bhoopasandra,Banglore
Bidadi,Banglore
Bidare Agraha,Banglore
bidrahalli,Banglore
Bikasipura,Banglore
Bilekahalli,Banglore
Billapura,Banglore
Binnipete,Banglore
Bommanahalli,Banglore
Bommasandra,Banglore
Bommenahalli,Banglore
Boovanahalli,Banglore
Borewell Road,Banglore
Boyalahalli,Banglore
Brookefield,Banglore
BTM Layout,Banglore
BTM Layout 2nd Stage,Banglore
Budigere,Banglore
Budigere Cross,Banglore
Byadralli,Banglore
byatarayanapura,Banglore
Byrathi,Banglore
Carmelaram,Banglore
Chamrajpet,Banglore
Chandapura,Banglore
Chandapura Anekal Road,Banglore
ChandapuraAnekal Road,Banglore
Chandra Layout Extension,Banglore
Channasandra,Banglore
Channasandra Layout,Banglore
Chansandra,Banglore
Cheemasandra,Banglore
Chennammana Kere,Banglore
Chickpet,Banglore
Chickpete,Banglore
Chikbanavara,Banglore
Chikka Gubi Hennur,Banglore
Chikka Tirupathi,Banglore
Chikkabellandur,Banglore
Chikkabettahalli,Banglore
Chikkadunnasandra,Banglore
Chikkagubbi on Hennur Main Road,Banglore
Chikkagubbi Village,Banglore
Chikkajala,Banglore
Chikkakannalli,Banglore
Chikkalasandra,Banglore
Chikkanahalli,Banglore
Chikkanayakanahalli at Off Sarjapur,Banglore
Chinnapanna Halli,Banglore
Chintamani,Banglore
Chokkanahalli,Banglore
Choodasandra,Banglore
Chunchgatta,Banglore
Ckikkakammana Halli,Banglore
Cooke Town,Banglore
Cox Town,Banglore
CV Raman Nagar,Banglore
Dargajogihalli,Banglore
Dasanapura,Banglore
Dasarahalli,Banglore
Dasarahalli on Tumkur Road,Banglore
Dasarahalli Road,Banglore
Deepanjali Nagar,Banglore
Devanahalli,Banglore
Devarachikkana Halli,Banglore
Devinagar,Banglore
Dodda Banaswadi,Banglore
Doddaballapur,Banglore
Doddabidrakallu,Banglore
Doddabommasandra,Banglore
Doddakallasandra,Banglore
Doddakammanahalli,Banglore
Doddakannalli,Banglore
Doddakannelli,Banglore
Doddanekundi,Banglore
Doddasanne,Banglore
Doddathoguru,Banglore
Domlur,Banglore
Domlur Layout,Banglore
Dommasandra Village,Banglore
Dooravani Nagar,Banglore
Dwarka Nagar,Banglore
Ejipura,Banglore
Electronic City Phase 1,Banglore
Electronic City Phase 2,Banglore
Electronic City Phase II,Banglore
Electronics City,Banglore
Frazer Town,Banglore
Gandhi Nagar,Banglore
Ganga Nagar,Banglore
Ganganagar,Banglore
Gantiganahalli,Banglore
gattahalli,Banglore
GB Palya,Banglore
Geddalahalli,Banglore
Giri Nagar,Banglore
Girinagar Road,Banglore
Gnana bharathi,Banglore
Gollarapalya,Banglore
Gottigere,Banglore
Govinakanahalli,Banglore
Green Woods Layout,Banglore
gubbalala,Banglore
Gubbalala Main Road,Banglore
Gubbalala Road,Banglore
Gudighattanahalli,Banglore
Gunjur,Banglore
Gunjur Palaya,Banglore
Gunjur Village,Banglore
HAL,Banglore
Halanayakanahalli,Banglore
Hallehalli,Banglore
Hanumannath Nagar,Banglore
Hanumanth Nagar,Banglore
Harapanahalli,Banglore
Harlur,Banglore
Harohalli,Banglore
Hasergatta Main Road Bagalakunte,Banglore
HBR Layout,Banglore
hebbagodi,Banglore
Hebbal,Banglore
hebbal kempapura,Banglore
Hebbal Patel Muniyappa Layout,Banglore
Hegde Nagar,Banglore
Hegganahalli,Banglore
Hemmigepura,Banglore
Hennur,Banglore
Hennur Road,Banglore
Hesaraghatta,Banglore
Hesargatta,Banglore
hongasandra bangalore,Banglore
Hoodi,Banglore
Horamavu,Banglore
Horamavu Agara,Banglore
Hosa Road,Banglore
Hosa Road Junction,Banglore
Hosahalli,Banglore
Hosahalli Nice Ring Road,Banglore
Hosakerehalli,Banglore
Hoskote,Banglore
Hosur,Banglore
Hosur Main Road,Banglore
HRBR Layout,Banglore
HSR Layout,Banglore
Hulimavu,Banglore
Hurulichikanahalli,Banglore
Huskuru,Banglore
Hutchins Road,Banglore
Huvinayakanahalli,Banglore
Indira Nagar,Banglore
ISRO Layout,Banglore
ITPL,Banglore
J. P. Nagar,Banglore
Jagadenahalli,Banglore
Jagajeevan Ram Nagar,Banglore
Jakkasandra Kormangala,Banglore
Jakkur,Banglore
Jalahalli,Banglore
Jalahalli West,Banglore
Jaya Chamarajendra Nagar,Banglore
Jayamahal,Banglore
Jayamahal Extension,Banglore
Jayanagar,Banglore
Jayanagar housing society layout,Banglore
Jeevan Bima Nagar,Banglore
Jigani,Banglore
Jnana Ganga Nagar,Banglore
Jnanabharathi BDA Layout Bangalore,Banglore
Jnanabharathi layout,Banglore
Jogupalya,Banglore
JP Nagar,Banglore
JP Nagar Phase 1,Banglore
JP Nagar Phase 2,Banglore
JP Nagar Phase 3,Banglore
JP Nagar Phase 4,Banglore
JP Nagar Phase 5,Banglore
JP Nagar Phase 6,Banglore
JP Nagar Phase 7,Banglore
JP Nagar Phase 8,Banglore
JP Nagar Phase 9,Banglore
judicial layout,Banglore
Junnasandra,Banglore
Jyotipuram,Banglore
K C Krishna Reddy Layout,Banglore
K Channasandra,Banglore
Kacharakanahalli Hennur Main Road,Banglore
Kada Agrahara,Banglore
Kadaagrahara,Banglore
Kadabagere,Banglore
Kadubeesanahalli,Banglore
Kadugodi,Banglore
Kadugodi Industrial Area,Banglore
Kadugondanahalli,Banglore
Kaggadasapura,Banglore
Kaggalahalli,Banglore
Kaggalipura,Banglore
Kaikondrahalli,Banglore
Kalena Agrahara,Banglore
Kalkere,Banglore
Kalyan Nagar,Banglore
kamakshipalya,Banglore
Kamala Nagar,Banglore
Kambipura,Banglore
Kammanahalli,Banglore
Kammasandra,Banglore
Kammasandra Agrahara,Banglore
Kammmanhalli,Banglore
Kanaka Nagar Main Road,Banglore
Kanakapura,Banglore
Kanakapura Road Beyond Nice Ring Road,Banglore
Kanmanike,Banglore
Kannamangala,Banglore
Kannur on Thanisandra Main Road,Banglore
Kartik Nagar,Banglore
Kasavanahalli,Banglore
Kasavanahalli Main Road,Banglore
Kasturi Nagar,Banglore
kathriguppe,Banglore
Kathriguppe Banashankari 3rd Stage,Banglore
Kattigenahalli,Banglore
Kaval Byrasandra,Banglore
Kaveri Nagar,Banglore
Kempegowda Nagar,Banglore
Kengeri,Banglore
Kengeri Hobli,Banglore
Kengeri Road,Banglore
Kengeri Satellite Town,Banglore
KHB Colony,Banglore
Kithaganur Colony,Banglore
Kodalagurki,Banglore
Kodichikkanahalli,Banglore
Kodigehalli,Banglore
Kodigehalli near Hoodi circle ITPL,Banglore
Kodigehalli Nice Ring Road,Banglore
Kodihalli,Banglore
Kodihalli on Old Airport Road,Banglore
Kodipur,Banglore
Kogilu,Banglore
Kogilu Road Near Yelahanka,Banglore
Konadasapura,Banglore
Konanakunte,Banglore
Koppa Begur Road,Banglore
Koppa Gate,Banglore
Koralur,Banglore
Koramangala,Banglore
Koramangala 3 Block,Banglore
Koramangala ST Bed,Banglore
Kothanur,Banglore
KPC Layout,Banglore
Kr Puram Seegehalli,Banglore
Krishnarajapura,Banglore
KSRTC Layout,Banglore
Kudlu,Banglore
Kudlu Gate,Banglore
Kudlu Road,Banglore
Kumaraswamy Layout,Banglore
Kumaraswamy Layout Vittal Nagar,Banglore
Kumbalgodu,Banglore
Kundalahalli,Banglore
Kurubarahalli on Magadi Road,Banglore
Kuvempu Layout on Hennur Main Road,Banglore
Kvalasanahalli,Banglore
Laggere,Banglore
Lakeview Residency,Banglore
Lal Bahadur Shastri Nagar,Banglore
Lalbagh Road,Banglore
Lingadheeranahalli,Banglore
Lingarajapuram,Banglore
Machohalli,Banglore
Madanayakahalli,Banglore
Madavara,Banglore
Madivala,Banglore
Mahadevapura,Banglore
Mahalakshmi Layout,Banglore
Makali,Banglore
Mallasandra,Banglore
Mallathahalli,Banglore
Malleswaram,Banglore
Mangammanapalya,Banglore
Manyata Residency,Banglore
Marathahalli,Banglore
Margondanahalli,Banglore
Marsur,Banglore
Maruthi Sevanagar,Banglore
Mathikere,Banglore
Mavalli,Banglore
Medahalli,Banglore
Meenakunte,Banglore
MG Road,Banglore
Moranapalli,Banglore
Mullur,Banglore
Muneshwara Nagar,Banglore
Munnekollal,Banglore
Murugesh Palya,Banglore
Murugeshpalya,Banglore
Mysore Road,Banglore
Nagadevanahalli,Banglore
Nagapura,Banglore
Nagarbhavi,Banglore
Nagasandra,Banglore
Nagavara,Banglore
Nagawara,Banglore
Nagegowdanapalya,Banglore
Nagondanahalli,Banglore
Nandanam colony,Banglore
Nandi Hills,Banglore
Nandini Layout,Banglore
Narayanaghatta,Banglore
Narayanapura Hennur Main Road,Banglore
Narayanapura on Hennur Main Road,Banglore
Navarathna Agrahara,Banglore
Nayandahalli,Banglore
Near International Airport,Banglore
Near Peenya Industrial Area,Banglore
Neelasandra,Banglore
Nelamangala,Banglore
New BEL Rd,Banglore
New Thippasandra,Banglore
NGEF Layout Sadanandanagar,Banglore
Nimbekaipura,Banglore
NR Colony,Banglore
NRI Layout,Banglore
Off Bannerghatta Road,Banglore
OMBR Layout,Banglore
Padmanabha Nagar,Banglore
Padmanabhanagar,Banglore
Pai Layout,Banglore
Palace Guttahalli,Banglore
Panathur,Banglore
Panduranga Nagar,Banglore
Parappana Agrahara,Banglore
Poorna Pragna Layout,Banglore
Prakruthi Township,Banglore
Promenade Road,Banglore
Queens Road,Banglore
R T  Nagar,Banglore
R T Nagar,Banglore
R.K. Hegde Nagar,Banglore
raghuvanahalli ,Banglore
Rahmath Nagar,Banglore
Rainbow Garden Layout,Banglore
Rajajinagar,Banglore
Rajarajeswari Nagar,Banglore
Ramagondanahalli,Banglore
Ramamurthy Nagar,Banglore
Ramanashree California Gardens Layout,Banglore
Ramanjaneyanagar,Banglore
Ramasandra,Banglore
Rampura,Banglore
Rayasandra,Banglore
RBI Layout,Banglore
Reliaable Tranquil Layout,Banglore
Richards Town,Banglore
Richmond Town,Banglore
RMV,Banglore
RMV Extension Stage 2,Banglore
RR Nagar,Banglore
RT Nagar Hebbal,Banglore
RT Nagar Kaval Bairasandra,Banglore
RT Nager,Banglore
Rustam bagh Layout,Banglore
Sadananda Nagar,Banglore
Sadashiva Nagar,Banglore
Sadashiva Nagara,Banglore
Sadduguntepalya,Banglore
Sahakar Nagar,Banglore
Sai Baba Ashram,Banglore
Sampangiram Nagar,Banglore
Sampigehalli,Banglore
Sanjay Nagar,Banglore
Sanjaynagar,Banglore
Sannatammanahalli,Banglore
Sarajpur,Banglore
Sarjapur,Banglore
Sarjapur  Road,Banglore
Sarjapur Road,Banglore
Sarjapur Road Post Railway Crossing,Banglore
Sarjapur Road Till Wipro,Banglore
Sarjapur Road Wipro To Railway Crossing,Banglore
Seegehalli,Banglore
Seegehalli Magadi Road,Banglore
Seshadripuram,Banglore
Shanti Nagar,Banglore
Shivaji Nagar,Banglore
Sidedahalli,Banglore
Singasandra,Banglore
Sir M V Nagar,Banglore
Sivanchetti Gardens,Banglore
Sivarampalli,Banglore
SMV Layout,Banglore
Somasundara Palya,Banglore
Sompura,Banglore
Sorahunase,Banglore
Soundarya Layout,Banglore
Srinagar,Banglore
Srinivaspura,Banglore
Srirampuram,Banglore
Subramanyapura,Banglore
Sudhama Nagar,Banglore
Sultan Palya,Banglore
Sunkadakatte,Banglore
T Dasarahalli,Banglore
Talaghattapura,Banglore
TC Palya Road,Banglore
Tejaswini Nagar,Banglore
Thammanayakanahalli,Banglore
Thanisandra,Banglore
Thanisandra Main Road,Banglore
Thathaguni,Banglore
Thindlu,Banglore
Thippasandra,Banglore
Thirumalashettyhally,Banglore
Thirupalya,Banglore
Thotada Guddadhalli Village,Banglore
Thubarahalli,Banglore
Thurahalli,Banglore
Tippenahalli,Banglore
Tumkur Road,Banglore
Turahalli Road,Banglore
Ullal Uppanagar,Banglore
Ulsoor,Banglore
Uttarahalli,Banglore
Uttarahalli Hobli,Banglore
V. Kallahalli,Banglore
Vajarahalli,Banglore
Vakil Garden City,Banglore
Varanasi,Banglore
Varthur,Banglore
Varthur Main Road,Banglore
Vasanth Nagar,Banglore
Vasanthapura,Banglore
Venkatapura,Banglore
Vibhutipura,Banglore
Vidyaranyapura,Banglore
Vignana Kendra,Banglore
Vijaya Bank Layout,Banglore
Vijayanagar,Banglore
Vimanapura,Banglore
Vinayaka Layout Road,Banglore
Virupakshapura,Banglore
Virupakshipura,Banglore
Vishveshwarayya Layout,Banglore
Visthar,Banglore
Vittasandra,Banglore
Volagerekallahalli,Banglore
VV Puram,Banglore
Whitefield,Banglore
Whitefield Hope Farm Junction,Banglore
Whitefield Hoskote Road,Banglore
Wilson Garden,Banglore
Xavier Layout,Banglore
Yadavanahalli,Banglore
Yelachanayakanapura,Banglore
Yelahanka,Banglore
Yelahanka New Town,Banglore
Yelahanka Satellite Town,Banglore
Yemalur,Banglore
Yerrappanahalli,Banglore
Yeshwantpur,Banglore
Airport Road,Bhopal
Aradhana Nagar,Bhopal
Arera Colony,Bhopal
Arera Colony E8,Bhopal
Arera Hills,Bhopal
Ashok vihar Ashoka Garden,Bhopal
Ashok Vihar Colony,Bhopal
Ashoka Vihar,Bhopal
Awadhpuri,Bhopal
Awadhpuri Road,Bhopal
Ayodhya Bypass,Bhopal
Ayodhya Bypass Road,Bhopal
Ayodhya Nagar,Bhopal
Bagli Village,Bhopal
Bagmugalia,Bhopal
Bagsewania,Bhopal
Bairagarh,Bhopal
Barkhera Pathani,Bhopal
Bawadiya Kalan,Bhopal
Bawaria Kalan,Bhopal
Bhanpur,Bhopal
Bhauri,Bhopal
Bhel,Bhopal
Bhojpur Road,Bhopal
Bhopal,Bhopal
Chuna Bhatti,Bhopal
Danishkunj,Bhopal
Dehri Kalan,Bhopal
Durgesh Vihar,Bhopal
E 7 Arera Colony,Bhopal
Firdous Nagar,Bhopal
Gandhinagar,Bhopal
Gopal Nagar,Bhopal
Govindpura,Bhopal
Gufa Mandir Road,Bhopal
Gulmohar Colony,Bhopal
Gurunanak Pura,Bhopal
Habibganj,Bhopal
Halalpura,Bhopal
Hoshangabad Road,Bhopal
Idgah Hills,Bhopal
Indrapuri,Bhopal
Jahangirabad,Bhopal
Jatkhedi,Bhopal
Kalpana Nagar,Bhopal
Karond,Bhopal
Kasturba Nagar,Bhopal
Katara,Bhopal
Katara Hills,Bhopal
Khajuri Kalan,Bhopal
Kohefiza,Bhopal
Kolar Road,Bhopal
Kotra Sultanabad,Bhopal
Lalghati,Bhopal
Lalghati Road,Bhopal
Link Road Number 2,Bhopal
Link Road Number 3,Bhopal
Maharana Pratap Nagar,Bhopal
Malviya Nagar,Bhopal
Mandideep,Bhopal
Mandideep Industrial Area,Bhopal
minal residency,Bhopal
Misrod,Bhopal
Mp Nagar,Bhopal
nadir colony shamla hills,Bhopal
Nagri,Bhopal
Narela Shankri,Bhopal
Navi Bagh,Bhopal
Neelbad,Bhopal
Nehru Nagar,Bhopal
Nishatpura,Bhopal
Nizamuddin Road,Bhopal
No 6 Locality,Bhopal
Pallavi Nagar,Bhopal
Patel Nagar,Bhopal
Peoples Campus,Bhopal
Phanda Kala,Bhopal
Pipalia Pende Khan,Bhopal
Rachna Nagar,Bhopal
Raghunath Nagar,Bhopal
Rajharsh Colony,Bhopal
Rapadia Village,Bhopal
Ratanpur,Bhopal
Residential House Bagmugaliya,Bhopal
Residential House Kolar Road,Bhopal
Saket Nagar,Bhopal
Salaiya,Bhopal
Samardha Village,Bhopal
Shahpura,Bhopal
Shakti Nagar,Bhopal
Shivaji Nagar,Bhopal
Shri Ram Colony,Bhopal
Sonagiri,Bhopal
Trilanga,Bhopal
TT Nagar,Bhopal
Tulsi Nagar,Bhopal
200 Feet Radial Road,Chennai
Abiramapuram,Chennai
Acharapakkam,Chennai
Adambakam,Chennai
Adhanur,Chennai
Adyar,Chennai
Agaramthen,Chennai
Alandur,Chennai
Alwarpet,Chennai
Ambattur,Chennai
Ambattur INDUSTRIAL ESTATE,Chennai
Aminjikarai,Chennai
Anakaputhur,Chennai
Anna Nagar,Chennai
Anna Nagar East,Chennai
Anna Nagar West Extension,Chennai
Anna Salai,Chennai
Annai Meenakshi Nagar,Chennai
Annamalai Colony,Chennai
Annanagar West,Chennai
Arakkonam,Chennai
Arumbakkam,Chennai
Ashok Nagar,Chennai
Avadi,Chennai
Ayanambakkam,Chennai
Ayanavaram,Chennai
Ayapakkam,Chennai
Baby Nagar,Chennai
Balaji Nagar,Chennai
Balavinayagar Nagar,Chennai
Besant Nagar,Chennai
Camp,Chennai
Camp Road,Chennai
Chembarambakkam,Chennai
Chengalpattu,Chennai
Chetpet,Chennai
Chettipunyam,Chennai
Chettiyar Agaram,Chennai
Chikkarayapuram,Chennai
Chindadaripet,Chennai
Chintadripet,Chennai
Chitlapakkam,Chennai
Cholambedu,Chennai
Choolai,Chennai
Choolaimedu,Chennai
Chromepet,Chennai
Devendra Nagar,Chennai
East Tambaram,Chennai
Egatoor,Chennai
Egattur,Chennai
Egmore,Chennai
Ekkatuthangal,Chennai
Elandanur,Chennai
Ennaikaran,Chennai
George Town,Chennai
Gerugambakkam,Chennai
Gokulapuram,Chennai
Gopalapuram,Chennai
Gowrivakkam,Chennai
GST Road,Chennai
Gudalur,Chennai
Guduvancheri,Chennai
Guduvancherry,Chennai
Guindy,Chennai
Gummudipoondi,Chennai
Harrington Road,Chennai
Hastinapuram,Chennai
Injambakkam,Chennai
Iyappanthangal,Chennai
Iyyapa Nagar,Chennai
Iyyappanthangal,Chennai
J Nagar,Chennai
Jafferkhanpet,Chennai
Jagannathan Colony,Chennai
Jalladian Pet,Chennai
Jamalia,Chennai
Jeth Nagar,Chennai
K K Nagar,Chennai
Kalavakkam,Chennai
Kalikunram,Chennai
Kalpakkam,Chennai
Kamaraj Nagar,Chennai
Kamarajapuram Sembakkam,Chennai
kanakpura,Chennai
Kanathur,Chennai
Kanathur Reddikuppam,Chennai
Kanchipuram,Chennai
Kandanchavadi,Chennai
Kandigai,Chennai
Kannathur Reddy Kuppam,Chennai
Karanai,Chennai
Karanai Puthuchery,Chennai
Karapakkam,Chennai
Karasangal,Chennai
Karayanchavadi,Chennai
Karthikeyapuram,Chennai
Katrambakkam,Chennai
Kattankulathur,Chennai
Kattupakkam,Chennai
Kazhipattur,Chennai
Keelkattalai,Chennai
Kelambakkam,Chennai
Kil Ayanambakkam,Chennai
Kilkattalai,Chennai
Kilpauk,Chennai
KK Nagar,Chennai
KK Nagar West,Chennai
Kodambakkam,Chennai
Kodambakkam Ganga Nagar,Chennai
Kodungaiyur,Chennai
Kodungaiyur West,Chennai
Kolapakkam,Chennai
Kolapakkam Vandalur,Chennai
Kolathur,Chennai
Kolathur R.F.,Chennai
Kondavakkam,Chennai
Korattur,Chennai
Kosappur,Chennai
Kotivakkam,Chennai
Kottavakkam,Chennai
Kottivakkam,Chennai
Kotturpuram,Chennai
Kovalam,Chennai
Kovilambakkam,Chennai
Kovur,Chennai
Koyambedu,Chennai
Kumananchavadi,Chennai
Kumaran Nagar,Chennai
Kumuzhi R F,Chennai
Kundrathur,Chennai
Kuthambakkam,Chennai
Lakshmi Nagar,Chennai
Lalitha Nagar,Chennai
Madambakkam,Chennai
Madanankppam,Chennai
Madhanandapuram,Chennai
Madhavaram,Chennai
Madhavaram Milk Colony,Chennai
Madipakkam,Chennai
Madipakkam Kuberan Nagar Extention,Chennai
Maduranthakam,Chennai
Maduravoyal,Chennai
Mahabalipuram,Chennai
Mahindra World City,Chennai
Mambakam,Chennai
Mambakkam,Chennai
Manali New Town,Chennai
Manapakkam,Chennai
Mandaveli,Chennai
Mandevelli,Chennai
Mangadu,Chennai
Manikandan Nagar,Chennai
Manimangalam,Chennai
Mannivakkam,Chennai
Mannur,Chennai
Mappedu,Chennai
Maraimalai Nagar,Chennai
Mathur,Chennai
Medavakkam,Chennai
Meenambakkam,Chennai
Meiyur,Chennai
Mevalurkuppam,Chennai
Minjur,Chennai
Mogappair,Chennai
Mogappair East,Chennai
Moolacheri,Chennai
Moolakadai,Chennai
Moolakazhani,Chennai
moovarasampettai,Chennai
Moulivakkam,Chennai
Mudichur,Chennai
Mugalivakkam,Chennai
Muttukadu,Chennai
Mylapore,Chennai
Nallambakkam,Chennai
Nandambakkam,Chennai
Nandanam,Chennai
Nanganallur,Chennai
Nanmangalam,Chennai
Natham,Chennai
Navallur,Chennai
Navalur Sriperumbudur,Chennai
Nedumgundram,Chennai
Nedunkundram,Chennai
Neelamangalam,Chennai
Neelankarai,Chennai
Nellikuppam,Chennai
Nemam,Chennai
Nemilicheri,Chennai
Nesapakkam,Chennai
Nungambakkam,Chennai
Old Pallavaram,Chennai
Old Washermanpet,Chennai
Oragadam,Chennai
Oragadam Industrial Corridor,Chennai
Oragadam Village Ambattur Talu,Chennai
Ottiyabakkam,Chennai
Ottiyambakkam,Chennai
Padalam,Chennai
Padapai,Chennai
Padappai,Chennai
Padi,Chennai
Padianallur,Chennai
Padur,Chennai
Padur On Arakkonam Hwy,Chennai
Pakkam,Chennai
Palavakam,Chennai
Palavakkam,Chennai
Pallavan Nagar,Chennai
Pallavaram,Chennai
Pallikaranai,Chennai
Pammal,Chennai
Panayur,Chennai
Papanthangal,Chennai
Park Town,Chennai
Pattabiram,Chennai
Pavendar Salai,Chennai
Pazavanthangal,Chennai
Pazhaiya Seevaram,Chennai
Peerakankaranai,Chennai
Peramanur,Chennai
Peramatunallur,Chennai
Perambur,Chennai
Periyamet,Chennai
Periyapanicheri,Chennai
Periyar Nagar,Chennai
Perumalpattu,Chennai
Perumanttunallur,Chennai
Perumbakkam,Chennai
Perungalathur,Chennai
Perungavur,Chennai
Perungudi,Chennai
Polachery,Chennai
Polivakkam,Chennai
Ponmar,Chennai
Ponneri,Chennai
Ponniammanmedu,Chennai
Poonamallee,Chennai
Poonamallee Avadi High Road,Chennai
Poonjeri,Chennai
Porur,Chennai
Potheri,Chennai
Pothur,Chennai
Pozhichalur,Chennai
Pudupakkam,Chennai
Pudupattinam,Chennai
Pudur Main Road,Chennai
Pulianthope,Chennai
Purasaiwakkam,Chennai
Purasawalkam,Chennai
Puthagaram,Chennai
Puzhal,Chennai
Puzhuthivakkam,Chennai
R A Puram,Chennai
RA Puram Chennai,Chennai
Raja Annamalai Puram,Chennai
Rajakilpakkam,Chennai
Rajiv Nagar,Chennai
Ramalingapuram,Chennai
Ramapuram,Chennai
Ramavaram,Chennai
Ranga Reddy Gardens Chennai,Chennai
Rathinamangalam,Chennai
Rattinamangalam,Chennai
Red Hills,Chennai
RedHill,Chennai
Royapettah,Chennai
Royapuram,Chennai
S Kolathur Kanchipuram,Chennai
Sachidananda Puram,Chennai
Saidapet,Chennai
Salavankuppam,Chennai
Saligramam,Chennai
Santhome,Chennai
Sea Breeze Farms,Chennai
Selaiyur,Chennai
Sembakkam,Chennai
Semmancheri,Chennai
SEMMENCHERY,Chennai
Senneerkuppam,Chennai
Sevvapet,Chennai
Shenoy Nagar,Chennai
Sholinganallur,Chennai
Singaperumal Koil,Chennai
Siruseri,Chennai
Sithalapakkam,Chennai
Sivaprakasham Nagar,Chennai
Somangalam,Chennai
Sri Iyappa Nagar,Chennai
Sriperumbudur,Chennai
St Thomas Mount,Chennai
Sulur,Chennai
Sunnambu Kolathur S Kolathur,Chennai
Surapet,Chennai
Surappattu,Chennai
T Nagar,Chennai
T Nagar 3,Chennai
tambaram east,Chennai
Tambaram Sanatoruim,Chennai
tambaram west,Chennai
Teynampet,Chennai
Thaiyur,Chennai
Thalambur,Chennai
Thamaraipakkam,Chennai
Thandalam,Chennai
Tharapakkam,Chennai
Thirukkazhukundram,Chennai
Thirumalpur,Chennai
Thirumazhisai,Chennai
Thirumudivakkam,Chennai
Thirumullaivoyal,Chennai
Thiruneermalai,Chennai
Thirunindravur,Chennai
Thiruninravur,Chennai
Thiruporur,Chennai
Thiruthavali,Chennai
Thiruvanmiyur,Chennai
Thiruverkadu,Chennai
Thiruvidandhai,Chennai
Thoraipakkam,Chennai
Thoraipakkam OMR,Chennai
Tiruporur Near Kelambakkam,Chennai
Tirusulam,Chennai
Tiruvallur,Chennai
Tiruvottiyur,Chennai
Tondiarpet,Chennai
Triplicane,Chennai
Ullagaram,Chennai
Unamancheri,Chennai
Unamancheri Kolapakkam,Chennai
Urapakkam,Chennai
Urapakkam West,Chennai
Uthandi,Chennai
Vada Nemmeli,Chennai
Vadapalani,Chennai
Vadaperumbakkam,Chennai
Vaiyavoor,Chennai
Valarpuram,Chennai
Valasaravakkam,Chennai
Valathancheri,Chennai
Valmiki Nagar,Chennai
Vanagaram,Chennai
Vanchuvancheri,Chennai
Vandalur,Chennai
Vandalur Kelambakkam Road,Chennai
Varadharajapuram,Chennai
Veerapuram,Chennai
Velachery,Chennai
Velappanchavadi,Chennai
Vengaivasal,Chennai
Vengambakkam,Chennai
Vengathur Panchayat,Chennai
Veppampatttu,Chennai
Veppampattu,Chennai
Vettuvankani,Chennai
Vettuvankeni,Chennai
Villivakkam,Chennai
Vinayagapuram,Chennai
Virugambakkam,Chennai
VOC Nagar,Chennai
Vyasarpadi,Chennai
Washermanpet,Chennai
West Mambalam,Chennai
West Tambaram,Chennai
location,City
Aamwala,Dehradun
Ajabpur Kalan,Dehradun
Aman Vihar,Dehradun
Badowala,Dehradun
Badripur,Dehradun
Bahmanwala,Dehradun
Balawala,Dehradun
Balliwala,Dehradun
Bangali Kothi Chowk,Dehradun
banjarawala,Dehradun
Banjarawala Kargi Road,Dehradun
Baronwala,Dehradun
Bhagwant Pur,Dehradun
Brahmanwala,Dehradun
Canal Road,Dehradun
Chandrabani,Dehradun
Chironwali,Dehradun
Chukkuwala,Dehradun
Clement Town,Dehradun
Dalanwala,Dehradun
Danda Lakhond,Dehradun
Defence Colony,Dehradun
Dehrakhas,Dehradun
Dharampur,Dehradun
Dhaulas,Dehradun
Doon Enclave,Dehradun
Doon IT Park,Dehradun
Dudhli Road,Dehradun
Ekta Vihar,Dehradun
Ganesh Pur,Dehradun
Garhi Cantt,Dehradun
GMS Road,Dehradun
Govind Vihar,Dehradun
Graphic Era University Road,Dehradun
Gularghati,Dehradun
Haripur Kalan,Dehradun
Harrawala,Dehradun
Herbertpur,Dehradun
I S B T Turner Road,Dehradun
ISBT Chowk,Dehradun
ISBT Turner Road,Dehradun
ITBP Road,Dehradun
Jakhan,Dehradun
Jhewaredi,Dehradun
Jogiwala,Dehradun
Joly Grant,Dehradun
Kalagaon,Dehradun
Kanhaiya Vihar,Dehradun
Kanwali,Dehradun
Kaonli,Dehradun
kargi,Dehradun
kargi chowk,Dehradun
Kedar Puram,Dehradun
Kewal Vihar Lane A,Dehradun
Khurbura Mohalla,Dehradun
Kishanpur,Dehradun
Kulhan,Dehradun
Lakkhi Bagh,Dehradun
Lower Nathanpur Road,Dehradun
Majra,Dehradun
Malsi,Dehradun
Mathorawala,Dehradun
Miyawala,Dehradun
Mohabbewala,Dehradun
Mohkampur,Dehradun
Mussoorie Rd,Dehradun
Mussoorie Road,Dehradun
Nakronda Road,Dehradun
Nanda Ki Chauki,Dehradun
Nawada,Dehradun
Nehrugram,Dehradun
Niranjanpur,Dehradun
Om City,Dehradun
Patel Nagar,Dehradun
Pithuwala Kalan,Dehradun
Pondha,Dehradun
Prakash Lok Colony,Dehradun
Prem Nagar,Dehradun
Race Course,Dehradun
Raipur,Dehradun
Rajpur,Dehradun
Rajpur Road,Dehradun
Ranipokhri Nagar,Dehradun
saharanpur road,Dehradun
Sahastradhara Road,Dehradun
sahastradhara road it park adjacent to rbi society,Dehradun
Sailok,Dehradun
Saraswati Vihar,Dehradun
Seema Dwar,Dehradun
Selaqui Road,Dehradun
Sewla Kalan,Dehradun
Shanti Vihar,Dehradun
Shimla Bypass Road,Dehradun
Shyampur,Dehradun
Subhash Nagar,Dehradun
subhash road,Dehradun
Sudhowala,Dehradun
Thakurpur,Dehradun
Tunwala,Dehradun
turner road,Dehradun
Van Vihar Colony,Dehradun
Vijay Park,Dehradun
Vikasnagar Barkot Road,Dehradun
168 Sector 13 Main Road,Delhi
A1 Block Paschim Vihar Delhi,Delhi
A4 Block Paschim Vihar,Delhi
Aali Village,Delhi
Abul Fazal Enclave Jamia Nagar,Delhi
Adarsh Nagar,Delhi
Adchini,Delhi
Ajay Enclave,Delhi
Alaknanda,Delhi
Ambika Enclave,Delhi
Anand Niketan,Delhi
Anand Vihar,Delhi
APB Garhi,Delhi
Arjun Nagar,Delhi
Ashok Nagar,Delhi
Ashok Vihar,Delhi
Aurungzeb Road,Delhi
Aya Nagar,Delhi
Azadpur,Delhi
Babar Road,Delhi
Babarpur,Delhi
Badarpur,Delhi
Badarpur Border,Delhi
Bakhtawar Pur Village,Delhi
Bali Nagar,Delhi
Baljeet Nagar,Delhi
Bamnoli Dwarka Sector 28,Delhi
Baprola,Delhi
Barakhamba Road,Delhi
Bengali Colony Mahavir Enclave Part 1,Delhi
Bhajanpura,Delhi
Bhalswa,Delhi
Bharat Vihar,Delhi
Bharthal,Delhi
Bijwasan,Delhi
Bijwasan Railway Station Road,Delhi
Bindapur,Delhi
Block C Vishwas Park,Delhi
Block E Pandav Nagar Road,Delhi
Budh Vihar,Delhi
Budh Vihar Phase I,Delhi
Burari,Delhi
C R Park,Delhi
Chandan Vihar,Delhi
Chandni Chowk,Delhi
Chattarpur,Delhi
Chattarpur Enclave,Delhi
Chattarpur Enclave Phase 2,Delhi
Chauhan Patti,Delhi
Chawri Bazar,Delhi
Chhajjupur,Delhi
Chhatarpur Enclave Phase 2,Delhi
Chittaranjan Park,Delhi
CR Park Main Road,Delhi
Dabri,Delhi
Dashrath Puri,Delhi
Daya Basti,Delhi
Deenpur,Delhi
Defence Colony,Delhi
Delhi,Delhi
Deoli Gaon Nai Basti,Delhi
Devli Nai Basti,Delhi
Dilshad Colony,Delhi
Dilshad Garden,Delhi
DLF Ankur Vihar,Delhi
DLF Phase 5,Delhi
Dr Mukherji Nagar,Delhi
Duggal Colony,Delhi
duggal housing complex,Delhi
Dwarka Mor,Delhi
Dwarka More,Delhi
Dwarka Road,Delhi
DWARKA SEC 23,Delhi
Dwarka Sector 15,Delhi
dwarka sector 17,Delhi
East of Kailash,Delhi
East Patel Nagar,Delhi
Fateh Nagar,Delhi
Freedom Fighter Enclave,Delhi
Freedom Fighter Enclave Road,Delhi
Freedom Fighters Enclave,Delhi
Friends Colony,Delhi
Gagan Vihar,Delhi
Ganesh Nagar,Delhi
Gautam Nagar,Delhi
Gazipur,Delhi
Geeta Colony,Delhi
Geetanjali Enclave,Delhi
Ghaffar Manzil Colony,Delhi
Ghitorni,Delhi
Ghonda,Delhi
Gole Market,Delhi
Golf Links,Delhi
Gopal Nagar,Delhi
Govindpuri,Delhi
Govindpuri Extension,Delhi
Greater Kailash,Delhi
Greater kailash 1,Delhi
greater kailash Enclave 1,Delhi
Greater kailash enclave II,Delhi
Greater Kailash II,Delhi
Green Park,Delhi
Green Park Extension,Delhi
GTB Nagar,Delhi
Gujranwala Town,Delhi
Gulabi Bagh,Delhi
Gulmohar park,Delhi
Gurgaon Faridabad Road,Delhi
Guru Ram Dass Nagar,Delhi
Hari Nagar,Delhi
Hari Nagar Ashram,Delhi
Hastsal,Delhi
Hastsal Road,Delhi
Hauz Khas,Delhi
i p extension patparganj,Delhi
IGNOU Road,Delhi
Inderpuri,Delhi
India Gate,Delhi
Indra Park,Delhi
IP Extension,Delhi
Jagatpuri,Delhi
Jain Colony Delhi,Delhi
Jain Nagar Extension,Delhi
Jaitpur,Delhi
Jamia Nagar,Delhi
Janakpuri,Delhi
Jangpura,Delhi
Jangupura Extension,Delhi
Jasola,Delhi
Jawahar Park,Delhi
Jharoda Majra Burari,Delhi
Jhil Mil Colony,Delhi
Johripur,Delhi
Jor bagh,Delhi
Kailash hills,Delhi
Kalkaji,Delhi
Kalkaji Extension,Delhi
Kalkaji Govindpuri Extension,Delhi
Kalyan Vihar,Delhi
Kapashera,Delhi
Karampura,Delhi
Karawal Nagar,Delhi
Karol Bagh,Delhi
Kashmere Gate,Delhi
Katwaria Sarai,Delhi
Kaushambi,Delhi
Keshavpuram,Delhi
Khanpur,Delhi
Khanpur Colony,Delhi
Khanpur Deoli,Delhi
Khanpur Krishna Park,Delhi
Khera Khurd,Delhi
Khirki Extension,Delhi
Khirki Extension Panchsheel Vihar,Delhi
Kiran Garden,Delhi
Kirari Suleman Nagar,Delhi
Kirti Nagar,Delhi
Kishangarh Village,Delhi
Kishangarh Village New Delhi,Delhi
Kotla Mubarakpur,Delhi
Krishna Nagar,Delhi
Krishna Park Extension,Delhi
Lajpat Nagar,Delhi
Lajpat Nagar III,Delhi
Lajwanti Garden,Delhi
laxmi nagar,Delhi
Loni,Delhi
Madanpur Khadar,Delhi
Madhu Vihar,Delhi
Maharani Bagh,Delhi
Mahavir Enclave,Delhi
Mahavir Enclave I Mahavir Enclave Part 2,Delhi
Mahavir Enclave Part 2,Delhi
Mahipalpur KBlock,Delhi
Main Rajapuri Road,Delhi
Majlis Park,Delhi
Malcha Marg,Delhi
Mall Road,Delhi
Malviya Nagar,Delhi
Mandawali,Delhi
Mandi,Delhi
Manglapuri,Delhi
Mangolpuri,Delhi
Mansa Ram Park,Delhi
Mansarover Garden,Delhi
Matiala,Delhi
Matiala Extension,Delhi
Mayapuri,Delhi
Mayur Vihar,Delhi
Mayur Vihar II,Delhi
mayur vihar phase 1,Delhi
Mayur Vihar Phase 3,Delhi
Meenakshi Garden,Delhi
Meera Bagh,Delhi
Meet Nagar,Delhi
Mehrauli,Delhi
Mithapur,Delhi
Model Town,Delhi
Model Town Phase2,Delhi
Model Town Phase3,Delhi
Mohammadpur Majri,Delhi
Mohan Garden,Delhi
Moti Nagar,Delhi
Mukhram Garden,Delhi
Mukundpur,Delhi
Najafgarh,Delhi
Nangloi,Delhi
Naraina,Delhi
Narang Colony,Delhi
Narela,Delhi
Nasirpur,Delhi
Navjeevan Vihar,Delhi
Nawada,Delhi
Nawada Sainik Nagar,Delhi
Nawada Uttam Nagar,Delhi
Neb Sarai,Delhi
Neeti Bagh,Delhi
New Ashok Nagar,Delhi
New Friends Colony,Delhi
New Rajendra Nagar,Delhi
New Rajinder Nagar,Delhi
New Rohtak Road Karol Bagh,Delhi
Nilothi,Delhi
Nirman Vihar,Delhi
Niti Bagh,Delhi
Nizamuddin West,Delhi
Noida,Delhi
Okhla,Delhi
Old Delhi,Delhi
Old Mahavir Nagar,Delhi
Old Rajender Nagar,Delhi
Om Vihar,Delhi
Om Vihar Phase 5,Delhi
Padam Nagar,Delhi
Palam,Delhi
Palam Colony,Delhi
Palam Vihar Bijwasan Road,Delhi
Panchsheel Enclave,Delhi
Panchsheel Park,Delhi
PANCHSHEEL VIHAR,Delhi
Pandav Nagar,Delhi
param puri,Delhi
Paryavaran Complex,Delhi
Paryavaran Complex Main,Delhi
Paschim Vihar,Delhi
Paschim Vihar Main,Delhi
Patel Nagar,Delhi
Patparganj,Delhi
Phase 1 Om Vihar,Delhi
Pitampura,Delhi
Pitampura Vaishali,Delhi
Pochanpur Colony,Delhi
Poorvi Pitampura,Delhi
Prakash Mohalla,Delhi
Preet Vihar,Delhi
Prithviraj Road,Delhi
Punjabi Bagh,Delhi
Pushpanjali Farms,Delhi
Radhey Puri,Delhi
Raj Nagar 2 Palam Colony,Delhi
Raja Puri,Delhi
Rajdhani Park,Delhi
Rajinder Nagar,Delhi
Rajouri Garden,Delhi
Rajpur,Delhi
Rajpur Khurd Village,Delhi
Ram Nagar,Delhi
Rama Park,Delhi
Ramesh Nagar,Delhi
Razapur Khurd,Delhi
Rohini Extension,Delhi
Rohini sector 16,Delhi
Rohini sector 24,Delhi
rohini sector 5,Delhi
Rohini Sector 9,Delhi
Sadh Nagar II,Delhi
Safdarjung Development Area,Delhi
Safdarjung Enclave,Delhi
Sagar Pur,Delhi
Sahibabad,Delhi
Sainik Farm,Delhi
Saket,Delhi
Saket Road,Delhi
Samalkha,Delhi
Sangam Vihar,Delhi
Santnagar,Delhi
Sarita Vihar,Delhi
Saroop Nagar,Delhi
Sarvodaya Enclave,Delhi
Sarvpriya Vihar,Delhi
Sector 1 Dwarka,Delhi
Sector 1 Rohini,Delhi
Sector 10 Dwarka,Delhi
Sector 11 Dwarka,Delhi
Sector 11 Rohini,Delhi
Sector 12 Dwarka,Delhi
Sector 13 Dwarka,Delhi
Sector 13 Rohini,Delhi
Sector 14 Dwarka,Delhi
Sector 14 Rohini,Delhi
Sector 15 Rohini,Delhi
Sector 17 Dwarka,Delhi
Sector 18 Rohini,Delhi
Sector 18A Dwarka,Delhi
Sector 19 Dwarka,Delhi
Sector 2 Dwarka,Delhi
Sector 2 Rohini,Delhi
Sector 20 Dwarka,Delhi
Sector 20 Rohini,Delhi
Sector 21 Dwarka,Delhi
Sector 21 Rohini,Delhi
Sector 22 Dwarka,Delhi
Sector 22 Rohini,Delhi
Sector 23 Dwarka,Delhi
Sector 23 Rohini,Delhi
Sector 23B Dwarka,Delhi
Sector 24 Dwarka,Delhi
Sector 24 Rohini,Delhi
Sector 26 Dwarka,Delhi
Sector 27 Dwarka,Delhi
Sector 28 Dwarka,Delhi
Sector 28 Rohini,Delhi
Sector 3 Dwarka,Delhi
Sector 3 Rohini,Delhi
Sector 34 Rohini,Delhi
Sector 35 Rohini,Delhi
Sector 37 Rohini,Delhi
Sector 4 Dwarka,Delhi
Sector 4 Rohini,Delhi
Sector 5 Dwarka,Delhi
Sector 6 Dwarka,Delhi
Sector 6 Rohini,Delhi
Sector 7 Dwarka,Delhi
SECTOR 7 DWARKA NEW DELHI,Delhi
Sector 7G,Delhi
Sector 8 Dwarka,Delhi
Sector 8 Rohini,Delhi
Sector 9 Dwarka,Delhi
Sector 9 Rohini,Delhi
Sector-17 Rohini,Delhi
Sector-18 Dwarka,Delhi
Sector-7 Rohini,Delhi
Sector-B Vasant Kunj,Delhi
Sector-D Vasant Kunj,Delhi
Sewa Nagar,Delhi
Sewak Park,Delhi
Shadipur,Delhi
Shahdara,Delhi
Shaheen Bagh,Delhi
Shaheen Bagh Jamia Nagar,Delhi
Shaheen Bagh Jasola Vihar,Delhi
Shakarpur Khas,Delhi
Shakti Nagar,Delhi
Shakurpur,Delhi
Shalimar Bagh,Delhi
Shalimar Bagh AG Block,Delhi
Shanti Nagar,Delhi
Shanti Niketan,Delhi
Shanti Park Dwarka,Delhi
Sharda Puri,Delhi
Shastri Nagar,Delhi
Sheikh Sarai,Delhi
Shiv Nagar,Delhi
Shivalik,Delhi
Shyam Nagar,Delhi
Shyam Vihar Phase1,Delhi
Siddhartha Extension,Delhi
Siraspur,Delhi
Siri Fort,Delhi
Sitapuri,Delhi
South Delhi,Delhi
South Extension 1,Delhi
South Extension 2,Delhi
South Extension Part 1,Delhi
South Patel Nagar,Delhi
Srinagar Garden,Delhi
Subhash Nagar,Delhi
Sudarshan Park,Delhi
Sultan Puri,Delhi
SULTANPUR,Delhi
Sundar Nagar,Delhi
Sunder Nagar,Delhi
Sunlight Colony,Delhi
Tagore Garden Extension,Delhi
Tara Nagar,Delhi
Tigri Road,Delhi
Tilak Marg,Delhi
Tilak Nagar,Delhi
Tri Nagar,Delhi
Tughlakabad,Delhi
Tuglak Road,Delhi
Uday Park,Delhi
Uttam Nagar,Delhi
Uttam Nagar East,Delhi
Uttam Nagar Jain Colony Part 1,Delhi
Uttam Nagar Vani Vihar,Delhi
Uttam Nagar west,Delhi
Uttari Pitampura,Delhi
Vasant Kunj,Delhi
Vasant Kunj Enclave,Delhi
Vasant Vihar,Delhi
Vasundhara Enclave,Delhi
Vikas Puri,Delhi
vikaspuri,Delhi
Vikram Nagar,Delhi
Virender Nagar,Delhi
Vishnu Garden,Delhi
Vishwas Park Extn Jain Colony,Delhi
Vishwas Park Extn Uttam Nagar,Delhi
Vrindavan Road,Delhi
Wazirabad,Delhi
West Enclave,Delhi
West End,Delhi
West Patel Nagar,Delhi
West Punjabi Bagh,Delhi
West Sagarpur,Delhi
West Sant Nagar,Delhi
West Shalimar Bagh,Delhi
Westend,Delhi
Westend DLF Chattarpur Farms,Delhi
Yamuna Vihar,Delhi
Zakir Bagh,Delhi
Zakir Nagar,Delhi
Zone L Dwarka,Delhi
Aldona,Goa
Alto Porvorim,Goa
Anjuna,Goa
Arpora,Goa
Assagao,Goa
Baga,Goa
Bambolim,Goa
Bardez,Goa
Benaulim,Goa
Betim,Goa
Borim,Goa
Calangute,Goa
Candola,Goa
Candolim,Goa
Carambolim,Goa
Caranzalem,Goa
Chapora,Goa
Chicalim,Goa
Chimbel,Goa
Colvale,Goa
Corlim,Goa
Cunchelim,Goa
Curca,Goa
Dabolim,Goa
Dodamarg Kasai Road,Goa
Dona Paula,Goa
Duler Ground Road,Goa
DulerMarnaSiolim Road,Goa
Fatorda,Goa
Fatrade,Goa
Gogol,Goa
Guirim,Goa
Jayceenagar,Goa
Kadamba,Goa
kadamba plateau,Goa
Karaswada,Goa
Karmali,Goa
Khorlim,Goa
Mapusa,Goa
Marcel,Goa
Margao,Goa
Marra,Goa
Merces Chimbel Road,Goa
Miramar,Goa
Moira,Goa
Morjim,Goa
Mulgao,Goa
Naicavaddo,Goa
Naikawado,Goa
Nerul,Goa
Nuvem,Goa
Old Goa Road,Goa
Panjim,Goa
Parra,Goa
Peddem,Goa
Penha de Franca,Goa
Pernem,Goa
Pilerne,Goa
Ponda,Goa
Porvorim,Goa
Porvorim Alto Porvorim,Goa
Povorim,Goa
Quepem,Goa
Raia,Goa
Reis Magos,Goa
Revora,Goa
Ribandar,Goa
Road to Divar North Ferry Terminal,Goa
Salcete,Goa
Saligao,Goa
Sancoale,Goa
Sangolda,Goa
Santa Cruz,Goa
Sateri Nagar Colony,Goa
Siolim,Goa
Socorro,Goa
Taleigao,Goa
Tiswadi,Goa
Tivim,Goa
To Coco Beach,Goa
Vaddem New Vaddem,Goa
Vagator,Goa
Varca,Goa
Vasco Da Gama,Goa
Velha,Goa
Velsao Cansaulim Beach Road,Goa
Verem Nerul Road,Goa
Verla,Goa
Verla Canca,Goa
Zuarinagar,Goa
Abids,Hyderabad
Adarsh Nagar,Hyderabad
Adibatla,Hyderabad
Adikmet,Hyderabad
Almasguda,Hyderabad
Alwal,Hyderabad
Amberpet,Hyderabad
Ameenpur,Hyderabad
Ameerpet,Hyderabad
Aminpur,Hyderabad
Andhra Pradesh Real Estate,Hyderabad
Annojiguda,Hyderabad
Annojiguda Village,Hyderabad
Appa Junction,Hyderabad
Appa Junction Peerancheru,Hyderabad
AS Rao Nagar,Hyderabad
Asif Nagar,Hyderabad
Asif Nagar North,Hyderabad
Attapur,Hyderabad
Aushapur,Hyderabad
Auto Nagar,Hyderabad
Aziz Nagar,Hyderabad
B N reddy nagar,Hyderabad
Baba Nagar,Hyderabad
Bacharam,Hyderabad
Bachupally,Hyderabad
Badangpet,Hyderabad
Bahadurpally,Hyderabad
Bahadurpura,Hyderabad
Bairagiguda,Hyderabad
Balanagar,Hyderabad
Balapur,Hyderabad
Bandlaguda Jagir,Hyderabad
Banjara Hills,Hyderabad
Bapu Nagar,Hyderabad
Basheer Bagh,Hyderabad
Basuragadi Village,Hyderabad
Beeramguda,Hyderabad
Begumpet,Hyderabad
Bhadurpalle,Hyderabad
Bhanur,Hyderabad
BHEL,Hyderabad
BHEL OLD MIG,Hyderabad
Boduppal,Hyderabad
Bogaram,Hyderabad
Bolarum,Hyderabad
Bollaram,Hyderabad
Bollaram Industrial Area,Hyderabad
Bongloor,Hyderabad
Borabanda,Hyderabad
Bowenpally,Hyderabad
Bowrampet,Hyderabad
Budvel,Hyderabad
Chaitanyapuri Colony,Hyderabad
Champapet,Hyderabad
Chanakyapuri,Hyderabad
Chandanagar,Hyderabad
Chandanagar Vill,Hyderabad
chandrayangutta,Hyderabad
Chenna Reddy Nagar,Hyderabad
Cherlapalli,Hyderabad
Chevella,Hyderabad
Chilkur,Hyderabad
Chintalmet,Hyderabad
Chinthal,Hyderabad
Chitkul,Hyderabad
Dammaiguda,Hyderabad
Dilsukh Nagar,Hyderabad
Domalguda,Hyderabad
Dullapally,Hyderabad
Dundigal,Hyderabad
East Marredpally,Hyderabad
Erragadda,Hyderabad
Falaknuma,Hyderabad
Film Nagar,Hyderabad
Gachibowli,Hyderabad
Gaddi Annaram,Hyderabad
Gagillapur,Hyderabad
Gajularamaram,Hyderabad
Gajulramaram Kukatpally,Hyderabad
Gandi Maisamma,Hyderabad
Gandipet,Hyderabad
Ghanpur,Hyderabad
Ghatkesar,Hyderabad
Gopanapalli,Hyderabad
Gopanpally,Hyderabad
Gowlidody,Hyderabad
Gowlipura,Hyderabad
Gulshan EIqbal Colony,Hyderabad
Gundlapochampalli,Hyderabad
Gundlapochampally,Hyderabad
Gunrock Enclave,Hyderabad
Gurram Guda,Hyderabad
Habsiguda,Hyderabad
Hafeezpet,Hyderabad
Hakimpet,Hyderabad
Happy Homes Colony,Hyderabad
Harshaguda,Hyderabad
Hastinapuram,Hyderabad
Hayathnagar,Hyderabad
Himayat Nagar,Hyderabad
Himayathsagar,Hyderabad
Hitech City,Hyderabad
HMT Hills,Hyderabad
Hyder Nagar,Hyderabad
Hyderguda,Hyderabad
Ibrahim Bagh,Hyderabad
Ibrahimpatnam,Hyderabad
Indresham,Hyderabad
Isnapur,Hyderabad
Jadcherla,Hyderabad
Jagadgiri Gutta,Hyderabad
Jai Suryapatnam,Hyderabad
Jalapalli,Hyderabad
Jeedimetla,Hyderabad
Jillelguda,Hyderabad
Jubilee Hills,Hyderabad
Kachiguda,Hyderabad
Kadthal,Hyderabad
Kanchan Bagh,Hyderabad
Kandukur,Hyderabad
Kapra,Hyderabad
Kardhanur,Hyderabad
Karkhana,Hyderabad
Karmanghat,Hyderabad
Karwan,Hyderabad
Kavadiguda,Hyderabad
Khairatabad Road,Hyderabad
Khajaguda Nanakramguda Road,Hyderabad
Khajiguda,Hyderabad
Khilwat,Hyderabad
Kishan Bagh,Hyderabad
Kismatpur,Hyderabad
Kistareddypet,Hyderabad
Koheda,Hyderabad
Kokapet,Hyderabad
Kollur,Hyderabad
Kompally,Hyderabad
Kondakal,Hyderabad
Kondapur,Hyderabad
Kothaguda,Hyderabad
Kothapet,Hyderabad
Koti,Hyderabad
Kowkur,Hyderabad
KPHB,Hyderabad
Krishna Reddy Pet,Hyderabad
Kukatpally,Hyderabad
Kundanpally,Hyderabad
Kurmaguda,Hyderabad
Kushaiguda,Hyderabad
Lakdaram,Hyderabad
Lakdikapul,Hyderabad
Laxmiguda,Hyderabad
LB Nagar,Hyderabad
Lingampally,Hyderabad
Madhapur,Hyderabad
Mahadevpur Colony,Hyderabad
Mahendra Hills,Hyderabad
Maheshwaram,Hyderabad
Malakpet,Hyderabad
Malkajgiri,Hyderabad
Mallampet,Hyderabad
Mallapur,Hyderabad
Mamidipally,Hyderabad
Manchirevula,Hyderabad
Manikonda,Hyderabad
Manneguda,Hyderabad
Mansoorabad,Hyderabad
Masab Tank,Hyderabad
Medchal,Hyderabad
Meerpet,Hyderabad
Mehdipatnam,Hyderabad
Mettuguda,Hyderabad
Miyapur,Hyderabad
Moinabad,Hyderabad
Mokila,Hyderabad
Moosapet,Hyderabad
Moosarambagh Road,Hyderabad
Moti Nagar,Hyderabad
Moula Ali,Hyderabad
Munganoor,Hyderabad
muthangi,Hyderabad
Nacharam,Hyderabad
Nadergul,Hyderabad
Nagaram,Hyderabad
Nagaram Hyderabad South,Hyderabad
Nagarjuna Sagar Road,Hyderabad
Nagole,Hyderabad
Nagulapalli,Hyderabad
Nagulapally,Hyderabad
Nallagandla Gachibowli,Hyderabad
Nallakunta,Hyderabad
Nampally,Hyderabad
Nanakramguda,Hyderabad
Nandigama,Hyderabad
Narapally,Hyderabad
Narayanguda,Hyderabad
Narsingi,Hyderabad
Nawab Saheb Kunta,Hyderabad
Neknampur,Hyderabad
Neredmet,Hyderabad
Nizampet,Hyderabad
nizampet road,Hyderabad
Old Bowenpally,Hyderabad
Old Malakpet,Hyderabad
Osman Nagar,Hyderabad
Padmarao Nagar,Hyderabad
Panchavati Colony,Hyderabad
Parsigutta Warasiguda,Hyderabad
Pasumamula,Hyderabad
Patancheru,Hyderabad
Pati,Hyderabad
Patighanpur,Hyderabad
Pedda Amberpet,Hyderabad
Peeramcheru,Hyderabad
Peerzadiguda,Hyderabad
Pocharam,Hyderabad
Pocharam South Hyderabad,Hyderabad
Pragathi Nagar Kukatpally,Hyderabad
Punjagutta,Hyderabad
Puppalaguda,Hyderabad
Quthbullapur,Hyderabad
Qutub Shahi Tombs,Hyderabad
raidurgam,Hyderabad
Rajapur,Hyderabad
Rajendra Nagar,Hyderabad
Ramachandra Puram,Hyderabad
Ramachandrapuram,Hyderabad
Ramanthapur,Hyderabad
Rameshwaram Banda,Hyderabad
Rameswaram Banda,Hyderabad
Ramoji Film city,Hyderabad
Rampally,Hyderabad
Raviryal,Hyderabad
Rudaram,Hyderabad
Sadashivpet,Hyderabad
Safilguda,Hyderabad
Saidabad,Hyderabad
Sainikpuri,Hyderabad
Sanath Nagar,Hyderabad
Sangareddy,Hyderabad
Sanjeeva Reddy Nagar,Hyderabad
Santoshnagar,Hyderabad
Saptagiri Colony,Hyderabad
Saroor Nagar,Hyderabad
Saroornagar,Hyderabad
Sathamrai Village,Hyderabad
Serilingampally,Hyderabad
Shadnagar,Hyderabad
Shaikpet,Hyderabad
Shamirpet,Hyderabad
Shamshabad,Hyderabad
Shankarpalli,Hyderabad
Shankarpally Road,Hyderabad
Somajiguda,Hyderabad
Sri Nagar Colony,Hyderabad
Suchitra,Hyderabad
Sultanpur,Hyderabad
Surangal,Hyderabad
Suraram,Hyderabad
Tarnaka,Hyderabad
Tatianaram,Hyderabad
Tellapur,Hyderabad
Thimmapur,Hyderabad
Thumkunta,Hyderabad
Thummaloor,Hyderabad
Tirumala Nagar,Hyderabad
Toli Chowki,Hyderabad
Toroor,Hyderabad
Trimalgherry,Hyderabad
Tukkuguda,Hyderabad
Turkapally,Hyderabad
Turkayamjal,Hyderabad
Uppaguda,Hyderabad
Uppal,Hyderabad
Uppal Kalan,Hyderabad
Upparpally,Hyderabad
Upperpally,Hyderabad
Vanasthalipuram,Hyderabad
Vattinagulapally,Hyderabad
Velimela,Hyderabad
Velmala,Hyderabad
Venkat Nagar Colony,Hyderabad
West Marredpally,Hyderabad
Yamnampet,Hyderabad
Yapral,Hyderabad
Yellareddy Guda,Hyderabad
Yousufguda,Hyderabad
Zaheerabad,Hyderabad
Zamistanpur,Hyderabad
60 Feet Airport Road,Indore
AB Bypass Road,Indore
aerodrum road airport indore,Indore
Airport road,Indore
Alok Nagar,Indore
Anoop Nagar,Indore
Arandia,Indore
aurbindo hospital ujjain road,Indore
Bagoda,Indore
Bairathi Colony,Indore
Bardari,Indore
Basant Vihar,Indore
Bengali Circle,Indore
Bengali Square,Indore
Betma,Indore
Bhatkhedi,Indore
Bhawrasla,Indore
Bhicholi Mardana,Indore
Bijalpur,Indore
Borkhedi,Indore
Bulandshahr,Indore
Chanakyapuri,Indore
Chandra Nagar,Indore
Chhatribagh,Indore
Chhota Bangarda,Indore
Chota Bangarda,Indore
County Walk Township,Indore
Depalpur,Indore
Devguradia,Indore
Dewas NakaPanchvati,Indore
Dhar Kothi Colony,Indore
Dudhia,Indore
Dutt Nagar,Indore
Dwarkapuri,Indore
Gadi Adda,Indore
Geeta bhavan,Indore
Gokul Nagar,Indore
Goyal Vihar,Indore
Hatod,Indore
IDA Scheme No 140,Indore
Indore GPO,Indore
Indore Treasure Town,Indore
Indore ujjain road,Indore
Indra Puri Colony,Indore
Jakhya,Indore
Jamburdi Hapsi Road,Indore
Janki nagar,Indore
Kanadia,Indore
Kanadia Road,Indore
Kanchan Baug,Indore
Khajrana,Indore
Lal Bagh Road,Indore
Lalaram Nagar,Indore
Lasudia Mori,Indore
LIG Road,Indore
Limbodi,Indore
Lokmanya Nagar,Indore
Machla,Indore
Mahalakshmi Nagar,Indore
Mahalaxmi Nagar Colony,Indore
Maharaja Tukoji Rao Holker Cloth Market,Indore
Main AB Bypass,Indore
Manawata Nagar,Indore
Manglia,Indore
Manikbagh,Indore
Manishpuri,Indore
Manorama Ganj,Indore
Mansarowar,Indore
Maya Khedi,Indore
Mhow,Indore
Mhow Nimach Road,Indore
Mirjapur,Indore
Morod,Indore
MR 9 Road,Indore
MR10,Indore
Mundla Nayta,Indore
Musakhedi,Indore
Navlakha,Indore
Navlakha Square,Indore
Near bombay hospital,Indore
New Bijalpur,Indore
New Rani Bagh,Indore
Nipania,Indore
Niranjanpur,Indore
Old palasia,Indore
Omaxe City 1,Indore
Omex City,Indore
Palasia,Indore
Palda,Indore
Paliya Haidar,Indore
Patthar Mundla Road,Indore
Pipliyahana,Indore
Pithampur,Indore
Precanco Colony,Indore
R a c e Course Road,Indore
Radio calony,Indore
Rajendra Nagar,Indore
Rangwasa,Indore
Rani Bagh Main,Indore
Rau,Indore
Sagore Kuti Road,Indore
Saikripa Colony,Indore
Saket,Indore
Saket Nagar,Indore
Sanchar Nagar,Indore
Sanchar Nagar Extension,Indore
Sanchar Nagar Main,Indore
Sanwer,Indore
Sanwer Road Industrial Area,Indore
Scheme 78,Indore
Scheme No 114,Indore
Scheme No 136,Indore
Scheme No 140,Indore
Scheme No 71,Indore
scheme no 78,Indore
scheme no 94,Indore
Scheme No 94 C,Indore
Scheme Number 71,Indore
schene no 103 kesar bag road,Indore
Shivaji Nagar,Indore
Shivmoti Nagar,Indore
Shri Nagar,Indore
Silicon City,Indore
Snehlataganj,Indore
South Tukoganj,Indore
Sudama Nagar,Indore
Sukhdev Nagar,Indore
sukhliya,Indore
Sukliya,Indore
Super Corridor,Indore
Surya Dev Nagar,Indore
Suryadev Nagar,Indore
Swasthya Nagar,Indore
Talawali Chanda,Indore
Tejpur Gadbadi,Indore
Telephone nagar,Indore
Tilak Nagar,Indore
Tulsi Nagar,Indore
Ujjain Indore Road,Indore
Umariya,Indore
Vaishali Nagar,Indore
Vandana Nagar,Indore
Veer Sawarkar Nagar,Indore
Vidhya Palace,Indore
Vijay Nagar,Indore
Y N Road,Indore
200 Ajmer Road,Jaipur
200 Feet Bypass Road,Jaipur
200 Feet SEZ Khatwada Road,Jaipur
Adarsh Nagar,Jaipur
Ajmer Road,Jaipur
AjmerJaipur Expressway,Jaipur
Alkapuri,Jaipur
Amer,Jaipur
ansal sushant city 1st,Jaipur
Arjun Nagar,Jaipur
Ashok Nagar,Jaipur
Ayodhya Nagar,Jaipur
Badke Balaji Dhankia Road,Jaipur
Bagru,Jaipur
Bajaj Nagar,Jaipur
Bajari Mandi Road,Jaipur
Bani Park,Jaipur
Bapu Nagar,Jaipur
Bees Dukan,Jaipur
Bhankrota,Jaipur
Bindayaka,Jaipur
Brahmpuri,Jaipur
Brijlalpura,Jaipur
Chandwaji,Jaipur
Chitracoot,Jaipur
Chitrakoot Marg,Jaipur
Chitrakoot Scheme,Jaipur
Chokhi Dhani,Jaipur
Civil Lines,Jaipur
Dadu Dayal Nagar Jaipur,Jaipur
Daulatpura,Jaipur
Delhi Road,Jaipur
Dhawas Road,Jaipur
Dholai,Jaipur
Diggi Road,Jaipur
Durgapura,Jaipur
Gajsinghpur,Jaipur
Ganatpura,Jaipur
Gandhi Nagar,Jaipur
Gandhi Path,Jaipur
Gandhi Path West,Jaipur
Ganpati Nagar,Jaipur
Girdhar Marg,Jaipur
Girdharipura,Jaipur
Gokulpura,Jaipur
Gokulpura Kalwar Road,Jaipur
Gopalpura,Jaipur
Govindpura,Jaipur
Govindpura Kardhani Scheme,Jaipur
Govindpuri,Jaipur
HaldiGhati Marg,Jaipur
Hanuman Nagar,Jaipur
Hanuman Nagar Extension Jaipur,Jaipur
Harmada,Jaipur
Harnathpura,Jaipur
hasanpura,Jaipur
Hathod,Jaipur
Hathoj,Jaipur
Hatoj Kalwar Jaipur Road,Jaipur
Heerawala,Jaipur
Indraprastha Colony,Jaipur
Iskcon Road,Jaipur
Iskon Temple Road,Jaipur
Jagatpura,Jaipur
Jagatpura Fatak,Jaipur
Jagatpura Flyover,Jaipur
Jagatpura Road,Jaipur
Jagdamba Nagar,Jaipur
Jaipur Ajmer Expressway,Jaipur
Jaipur Road,Jaipur
Jaisinghpura,Jaipur
Jaisinghpura Khor,Jaipur
Jamdoli,Jaipur
Jamna Puri,Jaipur
Janata Colony,Jaipur
Jawahar Circle,Jaipur
Jawahar Nagar,Jaipur
Jhai,Jaipur
Jhotwara,Jaipur
Jhotwara Industrial Area,Jaipur
Kalwar,Jaipur
Kalwar Road,Jaipur
Kalwara,Jaipur
Kamla Nehru Nagar Road,Jaipur
Kanakpura,Jaipur
Kanakpura Phatak Road,Jaipur
Kanakpura Railway Bridge,Jaipur
Kanwar Nagar,Jaipur
Karni Vihar,Jaipur
Karolan Ka Barh,Jaipur
Kasturba Nagar Nirman Nagar,Jaipur
Keshwana Rajput,Jaipur
Khatipura,Jaipur
Khirni Phatak Flyover,Jaipur
Kotputli,Jaipur
Lalarpura,Jaipur
Lalkothi,Jaipur
Luniyawas,Jaipur
Madrampura,Jaipur
Mahapura,Jaipur
Maharana Pratap Marg,Jaipur
Maharani Garden,Jaipur
Mahindra Sez,Jaipur
Malviya Nagar,Jaipur
Malviya Nagar Nandpuri Colony,Jaipur
Mangyawas,Jaipur
Maniyawas,Jaipur
Manohariya Wala,Jaipur
Mansarovar,Jaipur
Mansarovar Extension,Jaipur
Mansarovar Sector 7,Jaipur
Manyawas Jaipur,Jaipur
Maruti Nagar,Jaipur
Mirza Ismail Road,Jaipur
Mohana Mandi,Jaipur
Muhana,Jaipur
Mukundpura Road,Jaipur
Muralipura,Jaipur
Murlipura Road,Jaipur
Murlipura Scheme,Jaipur
Nadi Ka Phatak Jaipur,Jaipur
Nangal Jaisabohra,Jaipur
Narayan Vihar,Jaipur
Narendra Nagar,Jaipur
Narsinghpura,Jaipur
New Sanganer Road,Jaipur
Nirman Nagar,Jaipur
Nivaru Road,Jaipur
Niwaru,Jaipur
Niwaru Road,Jaipur
Paldi Meena,Jaipur
Panchyawala,Jaipur
Patrakar Colony,Jaipur
Patrakar Colony Mansarovar,Jaipur
Pink City,Jaipur
Pratap Nagar,Jaipur
Prithviraj Nagar B Sector,Jaipur
Purani Basti,Jaipur
Rajapark,Jaipur
Rajawas,Jaipur
Rajni Vihar,Jaipur
Ram Nagar,Jaipur
Ratalya,Jaipur
Sanganer,Jaipur
Sanganer Pratap Nagar,Jaipur
Sanganer Road,Jaipur
Sardar Patel Marg,Jaipur
Shahpura,Jaipur
Shastri Nagar,Jaipur
Shekhawat Marg,Jaipur
Shivdaspura,Jaipur
Shyam Nagar,Jaipur
Siddharth Nagar,Jaipur
Sikar Road,Jaipur
Sirsi,Jaipur
Sirsi Hathoj Road,Jaipur
Sirsi Road,Jaipur
Sitapura,Jaipur
Subhash Nagar,Jaipur
Sunder Nagar,Jaipur
Sushant City I,Jaipur
Sushilpura,Jaipur
Swage Farm Jaipur,Jaipur
Tagore Nagar,Jaipur
Thikariya,Jaipur
Tilak Nagar,Jaipur
Tonk Phatak,Jaipur
Tonk Road,Jaipur
Transport Nagar,Jaipur
Vaishali Nagar,Jaipur
Vardhman Nagar,Jaipur
Vatika,Jaipur
Vatika Road,Jaipur
Vidhyadhar Nagar,Jaipur
Vidhyut Nagar,Jaipur
Vidyut Nagar,Jaipur
Vikash NagarD Heerapura,Jaipur
Vishwakarma Industrial Area,Jaipur
VIT Road,Jaipur
Vivek Vihar,Jaipur
VT Road,Jaipur
Ward No 18,Jaipur
Anand Puri,Kanpur
Arra Road,Kanpur
Arya Nagar,Kanpur
Ashok nagar,Kanpur
Awadhpuri Road,Kanpur
Awas Vikas Road,Kanpur
Azad Nagar,Kanpur
Barra,Kanpur
Birhana Road,Kanpur
Civil Lines,Kanpur
Dabauli,Kanpur
Darshan Purwa,Kanpur
Gandhi Nagar,Kanpur
Ghatampur Road,Kanpur
Govind Nagar,Kanpur
Gumti No5 Kanpur,Kanpur
Hanshpuram,Kanpur
Hanshpuram Road,Kanpur
Harsh Nagar,Kanpur
Indira Nagar,Kanpur
indra nagar,Kanpur
Jajmau,Kanpur
Jarauli,Kanpur
Juhi,Kanpur
Juhi Kalan,Kanpur
Kakadeo,Kanpur
Kakadev,Kanpur
Kalyanpur,Kanpur
Kaushalpuri,Kanpur
Keshav Nagar,Kanpur
Keshavpuram,Kanpur
Kidwai Nagar,Kanpur
Kidwai Nagar Bypass Road,Kanpur
Lajpat Nagar,Kanpur
Lakhanpur,Kanpur
Lal Bangla,Kanpur
Lal Bungalow,Kanpur
Naubasta,Kanpur
Naveen Nagar,Kanpur
Pandu Nagar,Kanpur
Panki,Kanpur
Permat,Kanpur
Phool Bagh,Kanpur
ratan lal nagar,Kanpur
Saket nagar,Kanpur
Sanigawan,Kanpur
Sarvodaya Nagar,Kanpur
Sharda Nagar,Kanpur
Shastri Chowk,Kanpur
Shastri Nagar,Kanpur
Shyam Nagar,Kanpur
Singhpur,Kanpur
Swaroop Nagar,Kanpur
Tannery Town,Kanpur
Tatya Tope Nagar Road,Kanpur
Tilak Nagar,Kanpur
Vikas Nagar,Kanpur
Vishnu Puri,Kanpur
Yashoda Nagar,Kanpur
Action Area I Newtown,Kolkata
Action Area II Newtown,Kolkata
Action Area III Of New Town Rajarhat,Kolkata
Agarpara,Kolkata
Airport,Kolkata
Alipore,Kolkata
Alipore Park Place,Kolkata
Amtala,Kolkata
Andul,Kolkata
Ariadaha,Kolkata
Ashok Nagar,Kolkata
At Amtala baruipur,Kolkata
Aurobindo Park,Kolkata
Baghajatin,Kolkata
Baghbazar,Kolkata
Bagmari,Kolkata
Baguiati,Kolkata
Baguihati,Kolkata
Baidyabati,Kolkata
Bally,Kolkata
Ballygunge,Kolkata
Ballygunge Circular Rd,Kolkata
Banamalipur,Kolkata
Banarjee Para,Kolkata
Bangaon,Kolkata
Bangur,Kolkata
Bangur avenue,Kolkata
Bansdroni,Kolkata
Baranagar,Kolkata
Barasat,Kolkata
Barisha,Kolkata
Barisha Purba Para Road,Kolkata
Barrackpore,Kolkata
Baruipur,Kolkata
Basina,Kolkata
Bata Nagar,Kolkata
Bediapara,Kolkata
Behala,Kolkata
Belanagar,Kolkata
Belgachia,Kolkata
Belghoria,Kolkata
Beliaghata,Kolkata
Belur,Kolkata
Beniapukur,Kolkata
Bhadreswar,Kolkata
Bhasa,Kolkata
Bhatenda,Kolkata
Bhatpara,Kolkata
Bhawanipur,Kolkata
Bhowanipore,Kolkata
Bijoygarh,Kolkata
Birati,Kolkata
Bishnupur,Kolkata
Bonhooghly on BT Road,Kolkata
Boral,Kolkata
Botanical Garden Area,Kolkata
Bramhapur,Kolkata
Budge Budge,Kolkata
Cantonment,Kolkata
Chandannagar,Kolkata
Chinar Park,Kolkata
Chkravarti Para,Kolkata
Chotto Chandpur,Kolkata
Chowhati,Kolkata
College Street,Kolkata
Cossipore,Kolkata
Dakshin Gobindopur,Kolkata
Dakshineswar,Kolkata
Dankuni,Kolkata
Darga Road,Kolkata
deshbandhu nagar,Kolkata
Dhakuria,Kolkata
Dhapa,Kolkata
Domjur,Kolkata
Duillya,Kolkata
Dum Dum,Kolkata
Dum Dum Cantonment,Kolkata
Dum Dum Park,Kolkata
Dunlop,Kolkata
Duttapukur,Kolkata
E M Bypass,Kolkata
East Kolkata Township,Kolkata
Elgin,Kolkata
Entally,Kolkata
Ganguli Para,Kolkata
Ganguly Bagan,Kolkata
Garfa,Kolkata
Garia,Kolkata
Gariahat,Kolkata
Ghosh Para,Kolkata
Ghusuri,Kolkata
Golf Green,Kolkata
Gupta Colony,Kolkata
Haldirams,Kolkata
Halisahar,Kolkata
Haltu,Kolkata
Hanspukuria,Kolkata
Harinavi,Kolkata
Hindmotor,Kolkata
Hindustan Park,Kolkata
Hooghly Chinsurah,Kolkata
Howrah,Kolkata
Howrah Railway Station,Kolkata
Hridaypur,Kolkata
Hussainpur,Kolkata
Jadavpur,Kolkata
Jaffarpur Panchanantala,Kolkata
Jagadishpur,Kolkata
Jagatdal,Kolkata
Jagodhatripally,Kolkata
Jodhpur Park,Kolkata
Jogibattala,Kolkata
Joka,Kolkata
Jorabagan,Kolkata
Jorasanko,Kolkata
Kabardanga,Kolkata
Kabardanga South Kolkata,Kolkata
Kaikhali,Kolkata
Kakurgachi Crossing,Kolkata
Kalighat,Kolkata
Kalikapur,Kolkata
kalikapura,Kolkata
Kalyani,Kolkata
Kamalgazi,Kolkata
Kamardanga,Kolkata
Kamarhati on BT Road,Kolkata
Kamdahari,Kolkata
Kankurgachi,Kolkata
Kankurgachi Main Road,Kolkata
Kasba,Kolkata
Keshtopur,Kolkata
Keyatala,Kolkata
Khardah,Kolkata
Khidirpur,Kolkata
Kolupukur Panchanantala,Kolkata
Kona,Kolkata
Konnagar,Kolkata
Kuldiha,Kolkata
Kustia,Kolkata
Kutighat,Kolkata
Lake Gardens,Kolkata
Lake Terrace Road,Kolkata
Lake Town,Kolkata
Lenin Sarani,Kolkata
Liluah,Kolkata
Liluahh,Kolkata
Machuabazar,Kolkata
Madhyamgram,Kolkata
Madurdaha,Kolkata
Madurdaha Hussainpur,Kolkata
Madurdaha Near Ruby Hospital On EM Bypass,Kolkata
Maheshtala,Kolkata
Mahheshtala,Kolkata
Malancha Mahi Nagar,Kolkata
Mali Panchghara,Kolkata
Maniktala,Kolkata
Mankundu,Kolkata
Metiabruz,Kolkata
Mohishgot,Kolkata
Mominpore,Kolkata
Moore Avenue,Kolkata
Mourigram,Kolkata
Mukundapur,Kolkata
Nabapally,Kolkata
Nager Bazar,Kolkata
Nandi Bagan,Kolkata
Narayantala,Kolkata
Narendrapur,Kolkata
Nayabad,Kolkata
Nehali,Kolkata
Nepalgange,Kolkata
Nepalgunge Hat,Kolkata
Netaji Nagar,Kolkata
New Alipore,Kolkata
New Barrakpur,Kolkata
New Garia,Kolkata
New Town,Kolkata
Nimta,Kolkata
North Dumdum,Kolkata
Northern Avenue,Kolkata
Old Seemapuri,Kolkata
Paikpara,Kolkata
Pailan,Kolkata
Pancha Sayar,Kolkata
Panchpota,Kolkata
Panihati,Kolkata
Park Circus,Kolkata
Park Street Area,Kolkata
Parnasree Pally,Kolkata
Parui Mauza,Kolkata
Paschim Balia,Kolkata
Paschim Barisha,Kolkata
Paschim Putiary,Kolkata
Patipukur,Kolkata
Patuli,Kolkata
Peenya,Kolkata
Phool Bagan,Kolkata
Picnic Garden,Kolkata
Ponmar,Kolkata
Purba Barisha,Kolkata
Purba Putiary,Kolkata
Purba Sinthee Road,Kolkata
Purbachal Road,Kolkata
raghunathpur,Kolkata
Rahara,Kolkata
Rajanukunte,Kolkata
Rajarhat,Kolkata
Rajpur,Kolkata
Rajpur Sonarpur,Kolkata
Ram Nagar,Kolkata
Rania,Kolkata
Rasapunja,Kolkata
Regent Park,Kolkata
Ripon street,Kolkata
Rishra,Kolkata
Roychak,Kolkata
Royde Park,Kolkata
Saha Para,Kolkata
sahakara nagar,Kolkata
Sahid Khudiram Metro Station Road,Kolkata
Salap,Kolkata
Salkia,Kolkata
Salt Lake City,Kolkata
Sangareddy,Kolkata
Sankharipota,Kolkata
Sant Nagar,Kolkata
Santoshpur,Kolkata
Santragachi,Kolkata
Sarada Pally,Kolkata
Sarsuna,Kolkata
Satchashipara,Kolkata
Sealdah,Kolkata
Sector 22,Kolkata
Sector 25,Kolkata
Serampore,Kolkata
Shahid Khudiram Metro Station Road,Kolkata
Shakespeare Sarani,Kolkata
shalimar,Kolkata
Sheoraphuli,Kolkata
Shibpur,Kolkata
Shibrampur Mauza,Kolkata
Shyam Bazar,Kolkata
Shyambazar,Kolkata
Shyamnagar,Kolkata
Silpara,Kolkata
Sinthi,Kolkata
Sodepur,Kolkata
Sonarpur,Kolkata
south dum dum,Kolkata
Tagore Park,Kolkata
Taltala,Kolkata
Tangra,Kolkata
Taratala,Kolkata
Teghoria,Kolkata
Thakuranir Chak,Kolkata
Thakurpukur,Kolkata
Thakurpukur Bazar,Kolkata
Tiljala,Kolkata
Titagarh,Kolkata
Tollygunge,Kolkata
Topsia,Kolkata
Ultadanga,Kolkata
Uttar Gauripur,Kolkata
Uttar Panchanna Gram,Kolkata
Uttarpara Kotrung,Kolkata
Vedic Village,Kolkata
VIP Nagar,Kolkata
Ward No 113,Kolkata
ahmamau,Lucknow
Alambagh,Lucknow
Aliganj,Lucknow
amar shaheed path lucknow,Lucknow
Arjunganj,Lucknow
Ashraf Vihar Colony Chinhat,Lucknow
Aurangabad Khalsa,Lucknow
Bagiamau,Lucknow
Bakkas,Lucknow
Bakshi Ka Talab,Lucknow
Banthra Bijnore Road,Lucknow
Bharwara Road,Lucknow
Bijnaur Road,Lucknow
Bijnor,Lucknow
Budheshwar,Lucknow
Butler Colony,Lucknow
Chinhat,Lucknow
Chinhat Dewa Road,Lucknow
Chinhat Satrik Road,Lucknow
CHINHAT TIRAHA,Lucknow
Chowk,Lucknow
Deva Road,Lucknow
Dubagga,Lucknow
Faizabad Lucknow Road,Lucknow
Faizabad Road,Lucknow
Fazullaganj,Lucknow
Gadia,Lucknow
Gomti Nagar,Lucknow
Gomti Nagar Extension,Lucknow
Gomti Nagar Vistar,Lucknow
Harihar Nagar,Lucknow
Hazratganj,Lucknow
IIM Road,Lucknow
Indira Nagar,Lucknow
Indra Nagar,Lucknow
Jankipuram,Lucknow
Jankipuram Extension,Lucknow
jankipuram vistar,Lucknow
Kalli Pashchim,Lucknow
Kamta Chinhut,Lucknow
Kanpur Lucknow Road,Lucknow
khargapur,Lucknow
Krishna Nagar,Lucknow
Kursi Road,Lucknow
Lekh Raj Marg,Lucknow
Lucknow Faizabad Road,Lucknow
Lucknow Kursi Mahamudabad Marg,Lucknow
Lucknow Road,Lucknow
Lucknow Sultanpur Road,Lucknow
Madiyava,Lucknow
Malhaur Station Road,Lucknow
Manas Vihar,Lucknow
Matiyari,Lucknow
Matiyari Chauraha,Lucknow
Mohanlalganj,Lucknow
Mutkkipur,Lucknow
Naubasta Kala,Lucknow
Neel Matha,Lucknow
Nijampur Malhaur,Lucknow
Nilmatha,Lucknow
Nirala Nagar,Lucknow
Parag Narayan Road,Lucknow
Raebareli Road,Lucknow
Rai Bareilly road,Lucknow
Rama Degree College Road,Lucknow
Sadrauna,Lucknow
Safedabad,Lucknow
Sahid Path,Lucknow
SGPGI Raibareli Road,Lucknow
Shaheed Path,Lucknow
Sitapur Road,Lucknow
South City,Lucknow
Sultanpur Lucknow Road,Lucknow
Sultanpur Road,Lucknow
sultanpur road near shaheed pa,Lucknow
Sushant Golf City,Lucknow
sushant golf city sultanpur road,Lucknow
Takrohi,Lucknow
Tiwariganj,Lucknow
Uattardhona,Lucknow
Vrindavan Road,Lucknow
Vrindavan Yojna,Lucknow
Vrindavan Yojna 2,Lucknow
1st Street,Madurai
Alathur,Madurai
Andalpuram,Madurai
Anna Nagar,Madurai
Arapalayam,Madurai
Chinna Chokkikulam,Madurai
Iraniyam,Madurai
K Pudur,Madurai
K.Pudhur,Madurai
Karuppayurani,Madurai
Kathakinaru,Madurai
Kochadai,Madurai
Kodikulam,Madurai
Koodal Nagar,Madurai
Madakkulam,Madurai
Madurai Main,Madurai
Marani mainroad,Madurai
Oomachikulam Kadachaneanthal Road,Madurai
Othakkadai Kadachanendhal Road,Madurai
Ottakadai,Madurai
Otthakadai,Madurai
P And T Nagar,Madurai
Palangantham,Madurai
Podumbu,Madurai
S S Colony,Madurai
Sikkandar Chavadi,Madurai
Thamaraipatti,Madurai
Thirunagar,Madurai
Thiruppalai,Madurai
Umachikulam,Madurai
Uthangudi,Madurai
Vadapalanji Main Road,Madurai
Vilangudi,Madurai
Villapuram,Madurai
Viratripattu,Madurai
Virudhunagar,Madurai
Agripada,Mumbai
Airoli,Mumbai
Ajivali,Mumbai
Ambernath East,Mumbai
Ambernath West,Mumbai
Ambivali,Mumbai
Ambivli,Mumbai
Andheri East,Mumbai
Andheri West,Mumbai
Anjurdive,Mumbai
Antarli,Mumbai
Asangaon,Mumbai
Badlapur East,Mumbai
Badlapur West,Mumbai
Bandra East,Mumbai
Bandra Kurla Complex,Mumbai
Bandra West,Mumbai
Belapur,Mumbai
Bhandup East,Mumbai
Bhandup West,Mumbai
Bhayandar East,Mumbai
Bhayandar West,Mumbai
Bhiwandi,Mumbai
Bhuleshwar,Mumbai
Boisar,Mumbai
Borivali East,Mumbai
Borivali West,Mumbai
Byculla,Mumbai
Chembur,Mumbai
Colaba,Mumbai
Cuffe Parade,Mumbai
Dadar East,Mumbai
Dadar West,Mumbai
Dahisar,Mumbai
Dahisar East,Mumbai
Dahisar West,Mumbai
Deonar,Mumbai
Desale Pada,Mumbai
Dhansar,Mumbai
Dighe,Mumbai
Diva,Mumbai
Diva Gaon,Mumbai
Dombivali,Mumbai
Dombivali East,Mumbai
Dombivli (West),Mumbai
Dronagiri,Mumbai
Dudh Nakah,Mumbai
Fort,Mumbai
Ghansoli,Mumbai
Ghatkopar East,Mumbai
Ghatkopar West,Mumbai
Girgaon,Mumbai
Gorai,Mumbai
Goregaon East,Mumbai
Goregaon West,Mumbai
Govandi,Mumbai
Greater Khanda,Mumbai
Hanumannagar,Mumbai
Haranwali,Mumbai
harigram,Mumbai
Hendre Pada,Mumbai
Hiranandani Estates,Mumbai
Jogeshwari East,Mumbai
Jogeshwari West,Mumbai
Juhu,Mumbai
Juinagar,Mumbai
Juinagar West,Mumbai
Kalamboli,Mumbai
Kalwa,Mumbai
Kalyan East,Mumbai
Kalyan West,Mumbai
Kamothe,Mumbai
Kandivali East,Mumbai
Kandivali West,Mumbai
Kanjurmarg,Mumbai
kanjurmarg west,Mumbai
Karanjade,Mumbai
Karjat,Mumbai
kasaradavali thane west,Mumbai
Kasheli,Mumbai
Khar,Mumbai
Khar West,Mumbai
Kharghar,Mumbai
Khopoli,Mumbai
Kongaon,Mumbai
Koper Khairane,Mumbai
Koproli,Mumbai
Kurla,Mumbai
Kurla East,Mumbai
Lower Parel,Mumbai
Mahalaxmi,Mumbai
Mahim,Mumbai
Malabar Hill,Mumbai
Malad East,Mumbai
Malad West,Mumbai
Manjarli,Mumbai
Matunga,Mumbai
Mazagaon,Mumbai
Mazgaon,Mumbai
Mira Road East,Mumbai
Mulund East,Mumbai
Mulund West,Mumbai
Mumbai Central,Mumbai
Murbad,Mumbai
Nahur East,Mumbai
Naigaon East,Mumbai
Nala Sopara,Mumbai
Nalasopara West,Mumbai
Neral,Mumbai
Nerul,Mumbai
New Balaji Nagar,Mumbai
Nilje Gaon,Mumbai
Palava,Mumbai
Palghar,Mumbai
Panch Pakhdi,Mumbai
Panvel,Mumbai
Parel,Mumbai
Powai,Mumbai
Rabale,Mumbai
Ramnagar,Mumbai
Rasayani,Mumbai
Rohinjan,Mumbai
Sanpada,Mumbai
Santacruz East,Mumbai
Santacruz West,Mumbai
Santosh Nagar,Mumbai
Saphale,Mumbai
Sarsole,Mumbai
Seawoods,Mumbai
Sewri,Mumbai
Shahapur,Mumbai
Shil Phata,Mumbai
Sion,Mumbai
Taloja,Mumbai
Taloje,Mumbai
Tardeo,Mumbai
Thakurli,Mumbai
Thane East,Mumbai
Thane West,Mumbai
Titwala,Mumbai
Ulhasnagar,Mumbai
Ulwe,Mumbai
Umroli,Mumbai
Usarghar Gaon,Mumbai
Vangani,Mumbai
Vasai,Mumbai
Vasai east,Mumbai
Vasai West,Mumbai
Vashi,Mumbai
Vikhroli,Mumbai
Vikhroli West,Mumbai
Vikroli East,Mumbai
vile parle west,Mumbai
Ville Parle West,Mumbai
Virar,Mumbai
Virar East,Mumbai
Virar West,Mumbai
Wadala,Mumbai
Wadala East,Mumbai
Worli,Mumbai
Akurdi,Pune
Alandi,Pune
Ambegaon Budruk,Pune
Ambegaon Pathar,Pune
Anand Nagar,Pune
Anthon Nagar,Pune
Ashok Nagar,Pune
Aundh,Pune
Bakhori,Pune
Balewadi,Pune
Baner,Pune
Bavdhan,Pune
Bebadohal,Pune
Bhawani Peth,Pune
Bhegade Aali,Pune
Bhosari,Pune
Bhugaon,Pune
Bhukum,Pune
bhusari colony,Pune
Bibwewadi,Pune
Bopodi,Pune
Chaitnya Nagar,Pune
Chakan,Pune
Charholi Budruk,Pune
Chikhali,Pune
Chinchwad,Pune
Dapodi,Pune
Dattavadi,Pune
Deccan Gymkhana,Pune
Dehu,Pune
Dhankawadi,Pune
Dhankawadi Police Station Road,Pune
Dhanori,Pune
Dhayari,Pune
Dhayari Phata,Pune
Dighi,Pune
Duttawadi,Pune
Erandwane,Pune
Fursungi,Pune
Gahunje,Pune
Ganeshkhind,Pune
Ghorpadi,Pune
Gultekdi,Pune
Hadapsar,Pune
Handewadi,Pune
hingne Khurd,Pune
Hinjawadi Village,Pune
Hinjewadi,Pune
Jambhul,Pune
Kalewadi,Pune
Kalyani Nagar,Pune
Kamshet,Pune
Kanhe,Pune
Karve Nagar,Pune
Kasarsai,Pune
Kasarwadi,Pune
Katraj,Pune
Keshav Nagar,Pune
kesnand,Pune
Khadki,Pune
Khandala,Pune
Kharadi,Pune
Kirkatwadi,Pune
Kiwale,Pune
Kondhawe Dhawade,Pune
Kondhwa,Pune
Kondhwa Budruk,Pune
Koregaon Bhima,Pune
Koregaon Park,Pune
Kothrud,Pune
Lohegaon,Pune
Loni Kalbhor,Pune
Lonikand,Pune
Magarpatta,Pune
Mahad,Pune
Mahalunge,Pune
Malwadi,Pune
Mamurdi,Pune
Manjari,Pune
Manjari Budruk,Pune
Manohar Nagar,Pune
Marunji,Pune
Maval,Pune
Mohammed wadi,Pune
Moi,Pune
Moshi,Pune
Mukund Nagar,Pune
Mulshi,Pune
Mundhwa,Pune
Nanded,Pune
Narayan Peth,Pune
Narhe,Pune
Nere,Pune
New Kalyani Nagar,Pune
New Sangavi,Pune
NIBM Annex Mohammadwadi,Pune
NIBM Annexe,Pune
Nigdi,Pune
Old Sangvi,Pune
Parvati Darshan,Pune
Pashan,Pune
Patil Nager,Pune
Perne,Pune
Phase 3,Pune
Pimple Gurav,Pune
Pimple Nilakh,Pune
Pimple Saudagar,Pune
Pimpri,Pune
Pimpri Chinchwad,Pune
Pirangut,Pune
Pisoli,Pune
Punawale,Pune
Rahatani,Pune
Ramnagar ,Pune
Range Hill Estate,Pune
Ravet,Pune
Sadashiv Peth,Pune
Sanaswadi,Pune
Sangamvadi,Pune
Saswad,Pune
Shaniwar Peth,Pune
Shankar Kalat Nagar,Pune
Shewalewadi,Pune
Shiraswadi,Pune
Shivaji Nagar,Pune
Shivane,Pune
Shukrawar Peth,Pune
Somatane,Pune
Sopan Baug,Pune
spine road,Pune
Sunarwadi,Pune
Sus,Pune
Swargate,Pune
Talegaon Dabhade,Pune
Talegaon Dhamdhere,Pune
Talwade,Pune
Tathawade,Pune
Thergaon,Pune
Tingre Nagar,Pune
Tungarli,Pune
Undri,Pune
Uruli Kanchan,Pune
Vadgaon,Pune
Vadgaon Budruk,Pune
Vakil Nagar,Pune
Valvan Lonavla,Pune
Varale,Pune
Varsoli,Pune
Vikas Nagar,Pune
Viman Nagar,Pune
Vishrantwadi,Pune
Wadgaon Sheri,Pune
Wagholi,Pune
Wakad,Pune
Wanowrie,Pune
Wanwadi,Pune
Warje,Pune
Warje Malwadi,Pune
Yashwantrao Chavan Nagar,Pune
Yerawada,Pune
Yewalewadi,Pune
Adarsh Nagar,Raipur
Agroha Colony,Raipur
Ama Seoni,Raipur
Amanaka,Raipur
Ambuja City Mall,Raipur
Amleshwar,Raipur
Amlidih Main Road,Raipur
Amlihdih,Raipur
Anupam Nagar,Raipur
Ashwani Nagar Lakhe Nagar,Raipur
Atal Nagar,Raipur
Avanti Vihar,Raipur
Barauda,Raipur
Bhanpuri,Raipur
Bhatagaon,Raipur
Bhatagaon Road,Raipur
Bhawna Nagar Housing Board Colony Road,Raipur
Bhurkoni,Raipur
Boria Kalan,Raipur
Boriyakhurd,Raipur
Changorabhata,Raipur
Changurabhata,Raipur
Daldal Seoni,Raipur
DD Nagar Road,Raipur
Deendayal Upadhyaya Nagar,Raipur
Devpuri,Raipur
Devpuri Road,Raipur
Dhamtari Road,Raipur
Din Dayal Upadhyay Nagar Road,Raipur
Dubey Colony,Raipur
Dunda,Raipur
GE Road,Raipur
Gokul Nagar,Raipur
Gondwara,Raipur
Gudhiyari,Raipur
Gurumukh Singh Nagar,Raipur
Hirapur Colony,Raipur
Jivan Vihar,Raipur
Jora,Raipur
Kachana,Raipur
Kachna Main,Raipur
Kachna Road,Raipur
Kamal Vihar,Raipur
Kamal Vihar Road,Raipur
Kandul,Raipur
Kandul Road,Raipur
Kathadih,Raipur
Khamardih Road,Raipur
Kota,Raipur
Kota Colony,Raipur
Kumhari,Raipur
Kushalpur Road,Raipur
Labhandih,Raipur
Lalpur,Raipur
Lodhi Para Kapa,Raipur
Mahadev Ghat Road,Raipur
Mahaveer Nagar,Raipur
Mana Road,Raipur
Mandir Hasaud,Raipur
Mathpurena,Raipur
Mathpurena Raipur,Raipur
Mohba Bazar,Raipur
Mowa,Raipur
Naya Raipur,Raipur
Naya Raipur Marg,Raipur
Naya RaipurArang Road,Raipur
New Gayatri Nagar Raipur,Raipur
New Rajendra Nagar,Raipur
New Shanti Nagar,Raipur
NH 6,Raipur
Old Dhamtari Road,Raipur
Pachpedi Naka,Raipur
Pandri,Raipur
Pirda 2,Raipur
Priyadarshini Nagar Colony,Raipur
Professor Colony Road,Raipur
Purena,Raipur
Raipur,Raipur
Raipur Bilaspur Expressway,Raipur
Raipur Jagdalpur Vishakhapatnam road,Raipur
Raipura Chowk Road,Raipur
Ring Road No 1,Raipur
Ring Road Number 1,Raipur
Ring Road Number 1st,Raipur
Ring Road Number 3rd,Raipur
Saddu,Raipur
Sai Ssimran City,Raipur
Sankari 3,Raipur
Santoshi Nagar,Raipur
Santoshi Nagar Raipur,Raipur
Santoshi Nagar Road,Raipur
Sardhoo,Raipur
Sarona,Raipur
Sarona Basti Main Road,Raipur
Satyam Vihar,Raipur
Sector 29,Raipur
sejbahar,Raipur
Shankar Nagar,Raipur
Shankar Nagar Road,Raipur
Shivanand Nagar,Raipur
Shrinagar,Raipur
Sonpairi 2,Raipur
Sunder Nagar,Raipur
Tatibandh,Raipur
Tatibandh Road,Raipur
Telibandha,Raipur
Urkura,Raipur
vidhan sabha flyover,Raipur
Vidhan Sabha Road,Raipur
VIP Colony,Raipur
VIP Road,Raipur
Vishal Nagar,Raipur
Abhva,Surat
Adajan,Surat
Adajan Gam,Surat
Adajan Road,Surat
Adajan Surat Flyover,Surat
Althan,Surat
Althan Canal Road,Surat
Amroli,Surat
Anand Mahal Road,Surat
Athwa,Surat
Athwa Gate,Surat
Baben,Surat
Bamroli Althan Expressway,Surat
Bhaktinandan Society,Surat
Bharthana,Surat
Bhatar road,Surat
Bhatha,Surat
Bhatpore,Surat
Bhesan,Surat
Bhestan,Surat
Bhimrad,Surat
Chalthan,Surat
Chalthan Road,Surat
Chapprabhatta,Surat
Choryasi,Surat
City Light,Surat
Citylight Area,Surat
Dabholi,Surat
Dahin Nagar,Surat
Deladva,Surat
Dindoli,Surat
Dindoli Kharvasa Road,Surat
Dumas,Surat
Dumas Road,Surat
Ganeshpura,Surat
Ghod Dod Road,Surat
Godadara,Surat
Haldharu Road,Surat
Honey Park Road,Surat
Ichchhapor,Surat
Jahangirabad,Surat
Jahangirpura,Surat
Jalaramnager,Surat
Jolva Patiya Road,Surat
Kadodara,Surat
Kamraj,Surat
Kamrej 1,Surat
Kamrej Road,Surat
Kamrej Vav Road,Surat
Katargam,Surat
Kathor,Surat
Khadsad,Surat
Khodiyar Nagar,Surat
Kim,Surat
Kosad,Surat
Kosamba,Surat
Kosamba Flyover,Surat
Kumbharia Gam,Surat
Laskana,Surat
LP Savani,Surat
LP Savani Road,Surat
Lunsikui,Surat
Magdalla,Surat
Magob,Surat
Majura Gate,Surat
Masma,Surat
Morabhagal,Surat
Mota Varachha,Surat
Mughal Sarai,Surat
Nana Varachha,Surat
Nanpura,Surat
Nanpura New Road,Surat
Narotam Nagar,Surat
Narthan,Surat
New City Light Road,Surat
New Pal Road,Surat
Olpad,Surat
Olpad Sayan Road,Surat
Pal,Surat
Pal Gam,Surat
Palanpor Gam Road,Surat
Palanpur,Surat
Palanpur Canal Road,Surat
Palanpur Jakatnaka,Surat
Palanpur Patia,Surat
Palsana,Surat
Pandesara,Surat
Pankaj Nagar,Surat
Parshuram Garden Road,Surat
Parvat Patiya,Surat
Patel Nagar,Surat
Piplod,Surat
Rander,Surat
Rundh Magdalla,Surat
Sachin,Surat
Sachin Kansad Road,Surat
Sagrampura,Surat
Saniya Kande,Surat
Sima Nagar,Surat
Surat,Surat
Surat Bardoli Road,Surat
Surat Dumas Road,Surat
Tadwadi,Surat
Udhna,Surat
Udhna Main Road,Surat
Udhna Zone,Surat
Umarwada,Surat
Vadod,Surat
Valthan,Surat
Vankal,Surat
Varachha,Surat
Variav,Surat
Vesu,Surat
Vesu Main Road,Surat
VIP Road,Surat
VIP Road Vesu,Surat
Ajwa Road,Vadodara
Akota,Vadodara
Akota Mujmahuda Road,Vadodara
Akota Road,Vadodara
Akota Stadium Road,Vadodara
Alkapuri,Vadodara
Amit Nagar Circle,Vadodara
Atladara,Vadodara
Babajipura,Vadodara
Bapunagar,Vadodara
Bhadran Nagar,Vadodara
Bhayli,Vadodara
Bill,Vadodara
Bill Road,Vadodara
BPC Road,Vadodara
Chhani,Vadodara
Chhani Jakat Naka,Vadodara
Chhani Road,Vadodara
Dandia Bazar,Vadodara
Danteshwar,Vadodara
Dashrath,Vadodara
Diwalipura,Vadodara
Ellora park,Vadodara
Fatehgunj,Vadodara
Fatehgunj Main Road,Vadodara
GIDC Road,Vadodara
Gokul Nagar,Vadodara
Gorwa,Vadodara
Gorwa Refinery Road,Vadodara
Gorwa Road,Vadodara
Gotri,Vadodara
Gotri Laxmipura Road,Vadodara
Gotri Road,Vadodara
Gotri Vasna Road,Vadodara
Hari Nagar,Vadodara
Harni,Vadodara
Jalaram Nagar,Vadodara
Jarod,Vadodara
Jetalpur,Vadodara
Kalali,Vadodara
Kapurai Village,Vadodara
Karelibagh,Vadodara
Kendranagar,Vadodara
Khatamba,Vadodara
Khodiyar Nagar,Vadodara
Laxmipura,Vadodara
Laxmipura Road,Vadodara
Madhavpura,Vadodara
Makarpura,Vadodara
Mandvi,Vadodara
Maneja,Vadodara
Manjalpur,Vadodara
Maretha,Vadodara
Marutidham Society,Vadodara
Muj Mahuda,Vadodara
Navapura,Vadodara
Near Railway Station,Vadodara
New Alkapuri,Vadodara
New karelibaug,Vadodara
New Sama,Vadodara
New sama road,Vadodara
New VIP road,Vadodara
Nizampura,Vadodara
Old Padara Road,Vadodara
old padra road,Vadodara
OP Road,Vadodara
Padra,Vadodara
Panchvati,Vadodara
Pashabhai Park Road,Vadodara
Prabhat,Vadodara
Pratapgunj,Vadodara
Pratapnagar,Vadodara
Pratham Upvan,Vadodara
Race course,Vadodara
Race Course Circle,Vadodara
Race Course Road,Vadodara
Ranoli,Vadodara
Ratanpur,Vadodara
Saiyed Vasna,Vadodara
Sama,Vadodara
Sama Salvi Road,Vadodara
SamaSavli Rd,Vadodara
Samta,Vadodara
Sangma,Vadodara
Savli,Vadodara
Sayajigunj,Vadodara
Sayajipura,Vadodara
Sevasi,Vadodara
Soma Talav,Vadodara
Subhanpura,Vadodara
Sultanpura,Vadodara
Sun Pharma Road,Vadodara
Sunfarma road,Vadodara
SunPharma Atladra Road,Vadodara
Susen Tarsali Ring Road,Vadodara
Tandalja,Vadodara
Tarsali,Vadodara
TP 13,Vadodara
Undera,Vadodara
Vadiwadi,Vadodara
Vadsar,Vadodara
Vasana,Vadodara
Vasana Bhayli Road,Vadodara
Vasna Bhayli Main Road,Vadodara
Vasna Gotri Road,Vadodara
Vasna Road,Vadodara
Vasna Tandalja Road,Vadodara
Vemali,Vadodara
Wadi,Vadodara
Waghodia,Vadodara
Waghodia road,Vadodara
Warasiya,Vadodara
Warasiya Ring Road,Vadodara
Achutapuram,Visakhapatnam
Aganampudi,Visakhapatnam
AgnampudiSaniwada Road,Visakhapatnam
Akkayyapalem,Visakhapatnam
Allipuram,Visakhapatnam
Anakapalle,Visakhapatnam
Anandapuram,Visakhapatnam
Asilmetta,Visakhapatnam
Atchutapuram,Visakhapatnam
Auto Nagar,Visakhapatnam
bakkanapalem,Visakhapatnam
Bakkanapalem Road,Visakhapatnam
Balayya Sastri Layout,Visakhapatnam
Bheemili Beach,Visakhapatnam
Bheemili Thagarapuvalasa Road,Visakhapatnam
Bheemunipatnam,Visakhapatnam
Bhogapuram,Visakhapatnam
Bodametlapalem,Visakhapatnam
Boyapalem,Visakhapatnam
CBM Compound Road,Visakhapatnam
Chandrampalem Srinivasa Nagar,Visakhapatnam
China Mushidiwada,Visakhapatnam
Chinnamusidivada,Visakhapatnam
Daspalla Hills,Visakhapatnam
Desapatrunipalem Road,Visakhapatnam
Dondaparthy,Visakhapatnam
Duppituru,Visakhapatnam
Duvvada,Visakhapatnam
Duvvada Railway Station Road,Visakhapatnam
Duvvada Sabbavaram Road,Visakhapatnam
Dwaraka Nagar,Visakhapatnam
Endada,Visakhapatnam
Gajuwaka,Visakhapatnam
Gajuwaka Bypass Road,Visakhapatnam
Gandhi Nagar,Visakhapatnam
Gopalapatnam,Visakhapatnam
Hanumanthavaka,Visakhapatnam
HB Colony Road,Visakhapatnam
Jagadamba Junction,Visakhapatnam
Kailasapuram,Visakhapatnam
Kapparada Road,Visakhapatnam
Kapuluppada,Visakhapatnam
Karachettu Road,Visakhapatnam
Kirlampudi Layout Visakhapatnam,Visakhapatnam
Koduru,Visakhapatnam
Kommadi Main Road,Visakhapatnam
Kommadi Road,Visakhapatnam
Kothapalem,Visakhapatnam
Kothavalasa,Visakhapatnam
Krishnarayapuram,Visakhapatnam
KRM Colony,Visakhapatnam
Kurmannapalem,Visakhapatnam
Lakshmi Puram,Visakhapatnam
Lankelapalem,Visakhapatnam
Lankelapalem Road,Visakhapatnam
Lawsons Bay Colony,Visakhapatnam
Maddilapalem,Visakhapatnam
Madhavadhara,Visakhapatnam
Madhuranagar,Visakhapatnam
Madhurawada,Visakhapatnam
Maharani Peta,Visakhapatnam
Malkapuram,Visakhapatnam
Marikavalasa Road,Visakhapatnam
Marripalem,Visakhapatnam
Midhilapuri Vuda Colony,Visakhapatnam
Mindi,Visakhapatnam
Murali Nagar,Visakhapatnam
MVP Colony,Visakhapatnam
Nad Junction,Visakhapatnam
Nakkavanipalem,Visakhapatnam
Narasimha Nagar,Visakhapatnam
NH 5,Visakhapatnam
North Extension,Visakhapatnam
Old Gajuwaka Visakhapatnam,Visakhapatnam
Paanduranga Puram,Visakhapatnam
Pedagantyada,Visakhapatnam
Pedda Waltair,Visakhapatnam
Pendurthi,Visakhapatnam
PendurthiNAD BRTS Express Way,Visakhapatnam
Pineapple Colony,Visakhapatnam
PM Palem Main,Visakhapatnam
PM Palem Main Road,Visakhapatnam
PMPalem,Visakhapatnam
Pothinamallayya Palem,Visakhapatnam
Purushothapuram,Visakhapatnam
Railway New Colony,Visakhapatnam
Rajeev Nagar,Visakhapatnam
Ram Nagar,Visakhapatnam
Ramavaram,Visakhapatnam
Residential Open Plot Atchuthapuram,Visakhapatnam
Residential Open Plot Sujathanagar,Visakhapatnam
Rushikonda,Visakhapatnam
Sagar Nagar,Visakhapatnam
Sanghivalasa,Visakhapatnam
Sathivanipalem,Visakhapatnam
Seethammadhara,Visakhapatnam
Sheela Nagar,Visakhapatnam
Sheelanagar,Visakhapatnam
Shivaji Palem Visakhapatnam,Visakhapatnam
Simhachalam,Visakhapatnam
Simhapuri Colony,Visakhapatnam
Siripuram,Visakhapatnam
Siripuram Circle,Visakhapatnam
Sri Nagar,Visakhapatnam
Sriharipuram,Visakhapatnam
Sujatha Nagar,Visakhapatnam
Tagarapuvalasa,Visakhapatnam
Tallavalasa,Visakhapatnam
Thagarapuvalasa Bheemili Road,Visakhapatnam
Uppada,Visakhapatnam
Vadlapudi,Visakhapatnam
Vepagunta,Visakhapatnam
Visakhapatnam,Visakhapatnam
Vishalakshi Nagar,Visakhapatnam
Vizag Srikakulam Highway,Visakhapatnam
Vizianagaram,Visakhapatnam
Vizianagaram Tagarapuvalasa Road,Visakhapatnam
Yarada,Visakhapatnam
Yendada,Visakhapatnam
